STATEFP,COUNTYFP,TRACTCE,POPULATION,LATITUDE,LONGITUDE
24,001,000100,3718,39.64602,-78.534287
24,001,000200,4564,39.618868,-78.722365
24,001,000300,2780,39.683783,-78.748228
24,001,000400,3022,39.668493,-78.745706
24,001,000500,2734,39.65341,-78.744556
24,001,000600,2965,39.640781,-78.750041
24,001,000700,3387,39.635052,-78.75603
24,001,000800,2213,39.632064,-78.765261
24,001,001000,2547,39.658427,-78.768081
24,001,001100,1493,39.651587,-78.772197
24,001,001200,3164,39.649823,-78.787137
24,001,001300,5268,39.610651,-78.812807
24,001,001401,4110,39.645363,-78.825818
24,001,001402,1589,39.652176,-78.811459
24,001,001502,2055,39.700427,-78.788753
24,001,001503,1968,39.698908,-78.873239
24,001,001600,1766,39.669885,-78.926705
24,001,001700,4818,39.650972,-78.912225
24,001,001800,5411,39.652484,-78.934672
24,001,001900,2623,39.609693,-78.935759
24,001,002000,5552,39.574809,-78.858739
24,001,002100,3466,39.555132,-78.990352
24,001,002200,3874,39.482695,-79.022017
24,003,701101,4151,38.942957,-76.579423
24,003,701102,7508,38.933633,-76.553407000000007
24,003,701200,8298,38.90172,-76.516022
24,003,701300,7906,38.89493,-76.640971
24,003,701400,3575,38.879272,-76.570363
24,003,702100,6722,39.054784,-76.587606
24,003,702204,4169,38.996229,-76.688629
24,003,702205,5322,39.007903,-76.688169
24,003,702206,6372,39.012375,-76.670466
24,003,702208,6962,39.030712,-76.674374
24,003,702209,4523,39.020715,-76.683179
24,003,702300,5423,38.965771,-76.626179
24,003,702402,6049,38.976074,-76.558448
24,003,702500,6669,38.966967,-76.528334
24,003,702601,5629,38.941741,-76.500401
24,003,702602,6021,38.934939,-76.471353
24,003,702701,4815,38.994124,-76.52548
24,003,702702,3857,39.011311,-76.544801
24,003,706101,3686,38.978535,-76.493093
24,003,706301,4663,38.953875,-76.482501
24,003,706302,3224,38.966117,-76.484261
24,003,706401,6442,38.960061,-76.502917
24,003,706402,3210,38.96602,-76.49375
24,003,706500,5222,38.974757,-76.515578
24,003,706600,4591,38.98534,-76.512468
24,003,706700,4890,38.983295,-76.486056
24,003,707001,6082,38.830672,-76.520813
24,003,707002,4696,38.792874,-76.535283
24,003,708001,3873,38.747593,-76.579684
24,003,708004,5485,38.801336,-76.666646
24,003,730100,7451,39.165552,-76.542439
24,003,730203,5303,39.144485,-76.593349
24,003,730204,5723,39.142565,-76.578418
24,003,730300,3113,39.151601,-76.606501
24,003,730401,4745,39.155268,-76.631186
24,003,730402,6136,39.145947,-76.620758
24,003,730502,6327,39.132246,-76.612749
24,003,730504,7630,39.119086,-76.61921
24,003,730505,4599,39.130533,-76.634104
24,003,730506,3888,39.134138,-76.628308
24,003,730601,6846,39.097987,-76.612703
24,003,730603,3107,39.104827,-76.584637
24,003,730604,6748,39.086849,-76.577159
24,003,730700,6978,39.071023,-76.560628
24,003,730800,2456,39.031679,-76.515577
24,003,730901,2608,39.002502,-76.474359
24,003,730902,4075,39.018657,-76.449108
24,003,731002,3234,39.029378,-76.430388
24,003,731003,4387,39.042084,-76.441629
24,003,731004,4258,39.042906,-76.456105
24,003,731102,7750,39.047418,-76.4774
24,003,731103,5422,39.033364,-76.492789
24,003,731104,4097,39.054323,-76.497928
24,003,731105,3572,39.062224,-76.509016
24,003,731201,6354,39.075054,-76.530852
24,003,731202,7686,39.098312,-76.502134
24,003,731203,7295,39.099323,-76.54762
24,003,731204,6115,39.123279,-76.553977
24,003,731303,6827,39.107959,-76.461422
24,003,731306,6293,39.140459,-76.481424
24,003,731307,6586,39.129322,-76.520096
24,003,731308,3688,39.163633,-76.510311
24,003,731309,5524,39.152786,-76.520652
24,003,731310,5247,39.14372,-76.535961
24,003,731311,8070,39.136045,-76.548206
24,003,740102,6497,39.152776,-76.743131
24,003,740103,8479,39.144011,-76.714718
24,003,740104,7984,39.130646,-76.71226
24,003,740105,3533,39.11949,-76.703222
24,003,740201,7238,39.138852,-76.643959
24,003,740203,5402,39.122616,-76.668987
24,003,740303,4211,39.120925,-76.689233
24,003,740304,3950,39.086744,-76.6867
24,003,740305,10161,39.10554,-76.713421
24,003,740400,4716,39.139421,-76.776612
24,003,740500,9284,39.107032,-76.803646
24,003,740601,3661,39.11815,-76.758868
24,003,740602,3959,39.115316,-76.74041
24,003,740603,1730,39.099208,-76.746096
24,003,740701,5893,39.067691,-76.715645
24,003,740702,9644,39.052691,-76.708429
24,003,740800,4396,39.057485,-76.66916
24,003,740900,6950,39.072942,-76.697797
24,003,741000,2366,39.100666,-76.653236
24,003,750101,4292,39.224387,-76.60747
24,003,750102,2533,39.23308,-76.616966
24,003,750201,2741,39.212866,-76.633232
24,003,750202,3426,39.218933,-76.618558
24,003,750203,1463,39.216914,-76.605293
24,003,750300,2655,39.216396,-76.648679
24,003,750400,4090,39.205431,-76.650302
24,003,750801,5849,39.187765,-76.643741
24,003,750803,6884,39.196882,-76.622451
24,003,750804,4016,39.184266,-76.623631
24,003,750900,3066,39.165219,-76.628868
24,003,751000,3893,39.166092,-76.613863
24,003,751102,4037,39.1918,-76.604529
24,003,751103,5865,39.170144,-76.594277
24,003,751200,3891,39.202873,-76.669579
24,003,751400,4169,39.145004,-76.674247
24,003,751500,6809,39.093862,-76.817572
24,003,751600,4950,38.984185,-76.589952
24,003,751700,2782,39.015938,-76.635575
24,003,980000,18,39.191399,-76.663399
24,003,990000,0,38.948947,-76.441905
24,005,400100,4351,39.268606,-76.703202
24,005,400200,2525,39.273993,-76.71478
24,005,400400,5961,39.260062,-76.732096
24,005,400500,2418,39.256449,-76.749262
24,005,400600,2871,39.27946,-76.716874
24,005,400701,2789,39.284457,-76.723571
24,005,400702,1795,39.287471,-76.715323
24,005,400800,2712,39.279439000000004,-76.735277
24,005,400900,1944,39.278935,-76.748084
24,005,401000,2409,39.272902,-76.743014
24,005,401101,6487,39.298525,-76.732867
24,005,401102,962,39.31003,-76.723314
24,005,401200,3270,39.318316,-76.717653
24,005,401301,3891,39.296227,-76.721742
24,005,401302,2650,39.294128,-76.716501
24,005,401400,1495,39.26962,-76.764404
24,005,401503,6490,39.278339,-76.771583
24,005,401504,5846,39.296838,-76.763972
24,005,401505,4039,39.294472,-76.748208
24,005,401506,4523,39.312122,-76.773653
24,005,401507,5129,39.312198,-76.760589
24,005,402201,3441,39.382851,-76.849851
24,005,402202,1697,39.33155,-76.827773
24,005,402302,4990,39.353662,-76.776553
24,005,402303,6426,39.3458,-76.754671
24,005,402304,3593,39.341382,-76.737511
24,005,402305,1977,39.355743,-76.737471
24,005,402306,3798,39.362106,-76.767366
24,005,402307,5925,39.360094,-76.753891
24,005,402403,2283,39.332786,-76.717678
24,005,402404,5072,39.331589,-76.730928
24,005,402405,3433,39.323576,-76.736022
24,005,402406,6532,39.328816,-76.765802
24,005,402407,1371,39.333248,-76.767255
24,005,402503,4524,39.364491,-76.799107
24,005,402504,4177,39.366594,-76.824703
24,005,402505,3239,39.381711,-76.813154
24,005,402506,4304,39.376065,-76.798242
24,005,402509,8541,39.394787,-76.796928
24,005,402602,2045,39.367903,-76.780483
24,005,402603,6017,39.382812,-76.778975
24,005,402604,5966,39.372641,-76.768909
24,005,403100,2462,39.354646,-76.733612
24,005,403201,3076,39.35413,-76.721142
24,005,403202,2076,39.34357,-76.718662
24,005,403300,2443,39.366348,-76.735998
24,005,403401,3336,39.375809,-76.730777
24,005,403402,4442,39.364053,-76.716378
24,005,403500,4958,39.375974,-76.694972
24,005,403601,4682,39.384142,-76.675301
24,005,403602,5133,39.37814,-76.66627
24,005,403701,6819,39.401864,-76.743324
24,005,403702,5014,39.394566,-76.754843
24,005,403801,1738,39.428689,-76.711203
24,005,403802,2863,39.401073,-76.704845
24,005,403803,3131,39.389157,-76.698531
24,005,404101,4150,39.417435,-76.819969
24,005,404102,5311,39.425331,-76.796675
24,005,404201,5777,39.442092,-76.795197
24,005,404202,7920,39.427595,-76.782359
24,005,404402,6477,39.464389,-76.796818
24,005,404403,4960,39.445312,-76.820143
24,005,404404,4812,39.467231,-76.825563
24,005,404501,6676,39.458164,-76.811212
24,005,404502,3743,39.446573,-76.804521
24,005,404600,2682,39.515295,-76.826919
24,005,404800,1953,39.454278,-76.857934
24,005,404900,4745,39.45629,-76.761266
24,005,405000,4446,39.592914,-76.774716
24,005,406000,5789,39.673185,-76.72051
24,005,407001,3267,39.599321,-76.670775
24,005,407002,5497,39.671336,-76.630778
24,005,408100,5924,39.52367,-76.640666
24,005,408200,1853,39.524217,-76.694803
24,005,408302,2947,39.444668,-76.674749
24,005,408303,3494,39.467436,-76.716202
24,005,408304,4677,39.465733,-76.672614
24,005,408400,773,39.496872,-76.65941
24,005,408502,5586,39.465148,-76.60042
24,005,408503,3377,39.466672,-76.632828
24,005,408505,3853,39.451812,-76.619279
24,005,408506,4706,39.4691,-76.612247
24,005,408507,5966,39.46694,-76.620912
24,005,408601,3760,39.439445,-76.615531
24,005,408602,2094,39.426825,-76.612453
24,005,408702,2445,39.415427,-76.643371
24,005,408703,5944,39.446754,-76.64814
24,005,408704,5458,39.428532,-76.648603
24,005,408800,2304,39.424094,-76.629763
24,005,408900,2853,39.484733,-76.633119
24,005,410100,6029,39.539437,-76.590516
24,005,410200,4664,39.506783,-76.541893
24,005,411101,2261,39.453665,-76.436471
24,005,411102,3043,39.440937,-76.406202
24,005,411201,3205,39.49155,-76.478077
24,005,411202,3770,39.456834,-76.516299
24,005,411302,3310,39.397574,-76.41581
24,005,411303,6040,39.399687,-76.470107
24,005,411306,5455,39.384988,-76.481418
24,005,411307,3600,39.382492,-76.460512
24,005,411308,3546,39.393443,-76.456576
24,005,411309,7950,39.407867,-76.438637
24,005,411404,3784,39.400913,-76.508575
24,005,411406,4393,39.41592,-76.469975
24,005,411407,11137,39.388473,-76.51061
24,005,411408,3450,39.391533,-76.496072
24,005,411409,5282,39.414375,-76.488796
24,005,411410,4554,39.402387,-76.489496
24,005,420100,3623,39.277678,-76.497065
24,005,420200,2444,39.26089,-76.504042
24,005,420301,2355,39.275694,-76.484226
24,005,420302,2705,39.269733,-76.488037
24,005,420303,1333,39.266229,-76.487539
24,005,420401,6414,39.259457,-76.490321
24,005,420402,2115,39.262036,-76.488313
24,005,420500,3575,39.289099,-76.526187
24,005,420600,4289,39.285298,-76.510706
24,005,420701,2973,39.276585,-76.51449
24,005,420702,2071,39.276345,-76.525546
24,005,420800,3513,39.269334,-76.516425
24,005,420900,3505,39.26248,-76.522006
24,005,421000,1851,39.260371,-76.527179
24,005,421101,3185,39.255257,-76.516308
24,005,421102,2347,39.249583,-76.514883
24,005,421200,1839,39.249967,-76.50561
24,005,421300,3289,39.240226,-76.507087
24,005,430101,4221,39.238098,-76.645439
24,005,430104,2798,39.237438,-76.637423
24,005,430200,2852,39.248388,-76.658145
24,005,430300,5557,39.23895,-76.655548
24,005,430400,4407,39.244139,-76.680997
24,005,430600,2463,39.230818,-76.701272
24,005,430700,5009,39.241178,-76.702465
24,005,430800,3530,39.253755,-76.699493
24,005,430900,5074,39.262993,-76.694928
24,005,440100,4451,39.378392,-76.531538
24,005,440200,2486,39.367177,-76.52437
24,005,440300,2214,39.377136,-76.514053
24,005,440400,5486,39.349693,-76.523387
24,005,440500,3164,39.358843,-76.51249
24,005,440600,2273,39.372536,-76.485332
24,005,440701,6696,39.348066,-76.480721
24,005,440702,5178,39.362723,-76.462955
24,005,440800,2837,39.361208,-76.498413
24,005,440900,3435,39.341451,-76.502192
24,005,441000,3721,39.333658,-76.52533
24,005,441101,2162,39.333485,-76.506836
24,005,441102,4859,39.324427,-76.520337
24,005,450100,4047,39.319342,-76.504736
24,005,450200,3443,39.312134,-76.481804
24,005,450300,3486,39.317449,-76.468342
24,005,450400,2369,39.304696,-76.474627
24,005,450501,4135,39.30843,-76.460036
24,005,450503,5915,39.299446,-76.452499
24,005,450504,5733,39.302562,-76.445827
24,005,450800,3741,39.314043,-76.443386
24,005,450900,4032,39.300428,-76.419445
24,005,451000,1662,39.275154,-76.417327
24,005,451100,2130,39.290708,-76.444665
24,005,451200,3947,39.332752,-76.459746
24,005,451300,3667,39.341631,-76.456501
24,005,451401,3847,39.34682,-76.445334
24,005,451402,5489,39.341977,-76.440201
24,005,451500,3910,39.321945,-76.434287
24,005,451600,1956,39.325034,-76.417705
24,005,451701,2759,39.359845,-76.427101
24,005,451702,1862,39.374176,-76.37679
24,005,451801,5459,39.360018,-76.364256
24,005,451802,3629,39.326654,-76.394726
24,005,451803,4750,39.329867,-76.387756
24,005,451900,2445,39.223611,-76.429203
24,005,452000,2556,39.240157,-76.4477
24,005,452100,3505,39.226679,-76.450695
24,005,452300,3084,39.297131,-76.5146
24,005,452400,3593,39.268953,-76.468645
24,005,452500,3657,39.265283,-76.471663
24,005,490100,4162,39.419865,-76.569697
24,005,490200,2823,39.417568,-76.612225
24,005,490301,6984,39.409238,-76.611633
24,005,490302,3668,39.407685,-76.588871
24,005,490400,1864,39.400751,-76.654618
24,005,490500,3520,39.391232,-76.637276
24,005,490601,2120,39.376025,-76.614769
24,005,490602,2570,39.380501,-76.614331
24,005,490603,2253,39.380997,-76.620049
24,005,490605,5182,39.392941,-76.612523
24,005,490701,1927,39.404853,-76.624866
24,005,490703,2497,39.400258,-76.615147
24,005,490800,3345,39.389868,-76.598674
24,005,490900,4165,39.398363,-76.593799
24,005,491000,2241,39.379986,-76.599747
24,005,491100,3567,39.374295,-76.599102
24,005,491201,1792,39.395772,-76.573059
24,005,491202,1770,39.390355,-76.572767
24,005,491300,3331,39.383646,-76.584129
24,005,491401,5200,39.377053,-76.573068
24,005,491402,3110,39.378918,-76.565117
24,005,491500,3790,39.38761,-76.566313
24,005,491600,3061,39.39546,-76.559523
24,005,491701,4180,39.404752,-76.54259
24,005,491900,1831,39.394506,-76.534185
24,005,492001,1443,39.389817,-76.5554
24,005,492002,3945,39.384845,-76.548798
24,005,492101,3493,39.383706,-76.540522
24,005,492102,2241,39.374656,-76.551719
24,005,492200,4803,39.404282,-76.523179
24,005,492300,3955,39.326709,-76.45383
24,005,492401,3623,39.390318,-76.820923
24,005,492402,6380,39.403069,-76.80807
24,005,492500,3807,39.257897,-76.710748
24,005,492600,3506,39.413863,-76.530242
24,005,980000,0,39.218668,-76.481462
24,005,980100,0,39.235844,-76.628283
24,005,980200,0,39.229026,-76.678225
24,009,860101,3209,38.728077999999996,-76.673111
24,009,860102,2903,38.738822,-76.642782
24,009,860200,6083,38.68746,-76.634982
24,009,860300,3932,38.667775,-76.577948
24,009,860401,9732,38.702101,-76.545963
24,009,860402,3558,38.67107,-76.542759
24,009,860501,5938,38.599597,-76.564217
24,009,860502,2936,38.587571,-76.524459
24,009,860600,7052,38.620703,-76.63255
24,009,860701,2695,38.546602,-76.618167
24,009,860702,2974,38.550544,-76.575927
24,009,860703,3489,38.505231,-76.613024
24,009,860801,6527,38.456579,-76.545271
24,009,860802,4863,38.476708,-76.495386
24,009,860900,7693,38.377613,-76.462475
24,009,861001,1304,38.379122,-76.406705
24,009,861003,6615,38.346919,-76.425411
24,009,861004,7234,38.364416,-76.40991
24,009,990100,0,38.520929,-76.443469
24,011,955000,3348,39.083432,-75.777039
24,011,955100,5619,38.974757,-75.807157
24,011,955201,3773,38.954158,-75.879753
24,011,955202,2110,38.882895,-75.902467
24,011,955301,4111,38.870766,-75.801505
24,011,955302,3128,38.883508,-75.827969
24,011,955400,2097,38.786253,-75.835866
24,011,955500,4044,38.734313,-75.928958
24,011,955600,4836,38.699239,-75.773085
24,013,501001,4112,39.660334,-77.160187
24,013,501002,5337,39.660714,-77.176277
24,013,502000,4148,39.609946,-77.098795
24,013,503000,5505,39.685485,-77.027998
24,013,504100,5120,39.528198,-76.896862
24,013,504201,6198,39.509216,-76.927689
24,013,504202,6169,39.48144,-76.951362
24,013,505101,4347,39.420021,-76.955474
24,013,505102,5156,39.411692,-76.920052
24,013,505203,3723,39.392418,-76.947933
24,013,505205,3050,39.386343,-76.932265
24,013,505206,3481,39.382216,-76.920973
24,013,505207,3683,39.400608,-76.963711
24,013,505208,5277,39.372449,-76.97725
24,013,506101,4679,39.674645,-76.90997
24,013,506102,3880,39.63613,-76.905203
24,013,506200,5444,39.688117,-76.857635
24,013,507500,4297,39.599796,-77.014972
24,013,507601,5027,39.595956,-76.986815000000007
24,013,507602,4348,39.576926,-76.96977
24,013,507702,3925,39.563226,-77.013282
24,013,507703,2875,39.567357,-77.035764
24,013,507704,6165,39.581464,-77.023971
24,013,507801,5652,39.559273,-76.996607
24,013,507802,4411,39.542021,-76.989545
24,013,508101,4760,39.627555,-76.842596
24,013,508102,2955,39.597393,-76.841173
24,013,508200,7133,39.592404,-76.879438
24,013,509001,4470,39.47299,-77.065712
24,013,509002,2908,39.438129000000004,-77.093263
24,013,510000,1422,39.610095,-77.234956
24,013,511000,3671,39.53368,-77.095696
24,013,512000,1551,39.570732,-77.172292
24,013,513001,4701,39.387705,-77.147295
24,013,513002,5277,39.379571,-77.123994
24,013,514100,3651,39.441891,-76.985372
24,013,514201,5139,39.402825,-77.0434
24,013,514202,3487,39.390843,-76.999335
24,015,030100,5149,39.420504,-75.908799
24,015,030200,5240,39.522628,-75.834269
24,015,030400,4901,39.608362,-75.834732
24,015,030501,4209,39.659669,-75.87226
24,015,030503,5751,39.62904,-75.835968
24,015,030505,3918,39.587498,-75.820211
24,015,030506,8223,39.613224,-75.801874
24,015,030601,3818,39.693351,-75.8783
24,015,030602,4792,39.677739,-75.799339
24,015,030700,5005,39.685709,-75.967163
24,015,030903,5076,39.599885,-75.923162
24,015,030904,6814,39.543202,-75.918098
24,015,030905,2859,39.640491,-75.99231
24,015,030906,8572,39.60321,-75.962661
24,015,031201,6334,39.626666,-76.101478
24,015,031202,5570,39.570328,-76.066901
24,015,031301,3477,39.656277,-76.070753
24,015,031302,7236,39.697349,-76.071376
24,015,031400,4164,39.69395,-76.157654
24,017,850101,5440,38.64127,-77.078428
24,017,850102,2583,38.610019,-77.085304
24,017,850201,787,38.593011,-77.176345
24,017,850202,4749,38.599354,-77.151923
24,017,850300,1986,38.553563,-77.155
24,017,850400,3895,38.460963,-77.200348
24,017,850500,2793,38.493216,-77.079824
24,017,850600,4743,38.558674,-77.044166
24,017,850706,4811,38.638109,-76.937128
24,017,850708,5282,38.649288,-76.937334
24,017,850709,6676,38.64475,-76.903069
24,017,850710,4979,38.625596,-76.957191
24,017,850711,4900,38.625665,-76.935726
24,017,850712,5739,38.614662,-77.028795
24,017,850713,6635,38.626472,-76.991703
24,017,850801,4714,38.650303,-76.860062
24,017,850802,4118,38.628204,-76.873924
24,017,850901,5830,38.609638,-76.900194
24,017,850902,5678,38.597818,-76.921076
24,017,850904,5367,38.578473,-76.905738
24,017,850905,4425,38.602575,-76.884902
24,017,850906,4873,38.597731,-76.90069
24,017,851001,3279,38.53448,-76.993818
24,017,851002,9244,38.532391,-76.960536
24,017,851100,2741,38.474267,-76.985449
24,017,851200,4886,38.320714,-76.910165
24,017,851301,4711,38.455266,-76.873969
24,017,851302,4046,38.518198,-76.831905
24,017,851400,8176,38.56159,-76.763326
24,017,851500,8465,38.609758,-76.948486
24,017,990000,0,38.375937,-77.084185
24,019,970100,2821,38.583335,-75.777061
24,019,970200,5745,38.647445,-75.869185
24,019,970300,4715,38.580588,-75.954914
24,019,970400,3305,38.570684,-76.071868
24,019,970500,4001,38.570144,-76.086222
24,019,970600,4702,38.555925,-76.082143
24,019,970702,3987,38.571937,-76.124719
24,019,970804,1891,38.4588,-76.202867
24,019,970900,1451,38.400306,-76.041307
24,019,990000,0,38.360807,-76.255215
24,021,740200,4735,39.487813,-77.350733
24,021,750100,1278,39.420844,-77.409614
24,021,750200,1640,39.416459,-77.409125
24,021,750300,1734,39.410909,-77.415699
24,021,750503,6574,39.425303,-77.458899
24,021,750504,5323,39.423722,-77.44114
24,021,750505,6824,39.411407,-77.44566
24,021,750506,3991,39.411952,-77.461222
24,021,750600,2677,39.420404,-77.421186
24,021,750701,5491,39.456852,-77.409158
24,021,750702,3262,39.433417,-77.420213
24,021,750801,2985,39.428317,-77.409825
24,021,750802,4019,39.455972,-77.384878
24,021,750803,6122,39.436981,-77.386749
24,021,751001,954,39.383346,-77.439435
24,021,751002,5329,39.383036,-77.43006
24,021,751003,5326,39.388967,-77.419058
24,021,751004,4102,39.389129,-77.453733
24,021,751201,4757,39.455047,-77.427834
24,021,751202,6152,39.449651,-77.446994
24,021,751203,2028,39.442807,-77.471026
24,021,751301,3418,39.482253,-77.447631
24,021,751302,3060,39.530423,-77.421443
24,021,751600,3027,39.54202,-77.22429
24,021,751701,2394,39.457902,-77.304973
24,021,751702,3567,39.478521,-77.212253
24,021,751801,4201,39.40035,-77.269442
24,021,751802,3774,39.415324,-77.195134
24,021,751901,4272,39.404684,-77.297013
24,021,751902,5795,39.405796,-77.342952
24,021,751903,6362,39.356973000000004,-77.222799
24,021,751904,3146,39.383485,-77.339675
24,021,752001,5139,39.376837,-77.172415
24,021,752101,3173,39.315096,-77.276021
24,021,752102,4397,39.334001,-77.267882
24,021,752201,2121,39.306328,-77.385716
24,021,752202,3853,39.336304,-77.341458
24,021,752204,5855,39.340676,-77.347428
24,021,752301,4168,39.370559,-77.436016
24,021,752302,3983,39.311347,-77.457297
24,021,752303,2640,39.305766,-77.509454
24,021,752501,4929,39.384542,-77.561244
24,021,752502,2487,39.334916,-77.544052
24,021,752601,3971,39.443168,-77.540533
24,021,752602,2561,39.405001,-77.50957
24,021,752603,3839,39.429855,-77.514066
24,021,752801,2214,39.574076,-77.529525
24,021,752802,3550,39.524789,-77.572957
24,021,752900,3066,39.665466,-77.447843
24,021,753001,4564,39.613556,-77.409543
24,021,753002,2744,39.626478,-77.399587
24,021,765100,3710,39.407325,-77.424891
24,021,766800,5131,39.699638,-77.338393
24,021,767500,2849,39.633256,-77.330989
24,021,767600,3200,39.539322,-77.313066
24,021,770700,3608,39.475035,-77.547684
24,021,772200,1598,39.410426,-77.402277
24,021,773500,4121,39.474209,-77.348363
24,021,775302,3900,39.328091,-77.628567
24,021,775400,3892,39.316712,-77.620316
24,021,775600,3803,39.421237,-77.315945
24,023,000100,4003,39.646415,-79.377032
24,023,000200,3937,39.671445,-79.181056
24,023,000300,2857,39.666322,-79.033492
24,023,000400,3337,39.438548,-79.216295
24,023,000500,4051,39.513113,-79.319954
24,023,000600,6186,39.418611,-79.42309
24,023,000700,5726,39.375296,-79.378426
24,025,301102,3579,39.50153,-76.280639
24,025,301105,3985,39.482684,-76.306643
24,025,301106,4215,39.50251,-76.317448
24,025,301107,3174,39.468216,-76.302673
24,025,301108,3435,39.482743,-76.293317
24,025,301201,1956,39.459798,-76.356742
24,025,301202,6685,39.486935,-76.330152
24,025,301204,4299,39.468254,-76.326593
24,025,301205,4202,39.47122,-76.317525
24,025,301301,4592,39.435104,-76.344716
24,025,301302,7424,39.428624,-76.319735
24,025,301401,7512,39.414756,-76.358486
24,025,301402,2398,39.401714,-76.339326
24,025,301601,6420,39.421037,-76.311444
24,025,301602,7899,39.429734,-76.278998
24,025,301702,7884,39.47165,-76.245617
24,025,301703,4804,39.46156,-76.275159
24,025,301704,3599,39.472464,-76.250711
24,025,302100,2137,39.590419,-76.184179
24,025,302200,2535,39.552774,-76.183759
24,025,302400,2663,39.471677,-76.211109
24,025,302801,3687,39.527381,-76.164196
24,025,302802,4551,39.516185,-76.182745
24,025,302901,2628,39.511718,-76.153934
24,025,302902,4549,39.503332,-76.171384
24,025,303101,5976,39.56991,-76.315814
24,025,303102,2783,39.573875,-76.263306
24,025,303201,5859,39.591317,-76.372997
24,025,303203,3479,39.567701,-76.369952
24,025,303204,4584,39.562862,-76.382352
24,025,303205,1482,39.554104,-76.411107
24,025,303206,3474,39.549843,-76.378079
24,025,303300,6096,39.523536,-76.420633
24,025,303400,4207,39.489244,-76.381997
24,025,303501,6490,39.512747,-76.345018
24,025,303502,3680,39.53537,-76.378598
24,025,303602,3799,39.522896,-76.325678
24,025,303603,6710,39.557729,-76.340442
24,025,303605,5936,39.538108,-76.316451
24,025,303606,3363,39.528144,-76.301479
24,025,303700,3815,39.541409,-76.273992
24,025,303801,2615,39.534322,-76.35971
24,025,303802,2034,39.550394,-76.360246
24,025,303803,4981,39.544939,-76.346014
24,025,303900,2372,39.532277,-76.33424
24,025,304101,4382,39.636754,-76.476608
24,025,304102,3708,39.690266,-76.500508
24,025,304201,6220,39.556908,-76.493301
24,025,304202,6802,39.588549,-76.458658
24,025,305100,7432,39.67963,-76.345417
24,025,305200,2734,39.657871,-76.252827
24,025,305300,2208,39.634719,-76.233199
24,025,306100,4025,39.548526,-76.095881
24,025,306200,2166,39.539779,-76.095658
24,025,306300,2373,39.536579,-76.134861
24,025,306400,6013,39.553429,-76.116335
24,025,306500,2216,39.483655,-76.149371
24,027,601103,5763,39.203737,-76.769804
24,027,601104,5761,39.22633,-76.772687
24,027,601105,3992,39.222221,-76.798330000000007
24,027,601107,4214,39.189417,-76.786259
24,027,601108,3746,39.202872,-76.786912
24,027,601201,7544,39.206452,-76.725541
24,027,601203,3893,39.175488,-76.777342
24,027,601204,5229,39.198041,-76.743545
24,027,602100,7852,39.305893,-76.840295
24,027,602201,3282,39.289951,-76.874908
24,027,602202,5306,39.285878,-76.8408
24,027,602302,6842,39.238645,-76.814329
24,027,602303,3736,39.270664,-76.872417
24,027,602304,4729,39.259638,-76.857871
24,027,602305,3667,39.260057,-76.84273
24,027,602306,5220,39.26065,-76.833025
24,027,602600,7113,39.287928,-76.815352
24,027,602700,5014,39.24559,-76.787821
24,027,602800,5813,39.26417,-76.808143
24,027,602900,4123,39.283412,-76.801114
24,027,603001,5401,39.31505,-76.89018
24,027,603003,4186,39.316367,-76.964968
24,027,603004,6199,39.27778,-76.932783
24,027,604001,6275,39.335274,-77.091612
24,027,604002,7624,39.290841,-77.037796
24,027,605102,8211,39.167142,-76.918582
24,027,605103,5075,39.199038,-76.977631
24,027,605104,4316,39.240058,-76.975913
24,027,605401,5149,39.232254,-76.850468
24,027,605402,7055,39.218613,-76.864909
24,027,605502,5182,39.217848,-76.897922
24,027,605503,6262,39.224864,-76.882618
24,027,605504,2737,39.195676,-76.92843
24,027,605505,6169,39.204822,-76.921705
24,027,605601,6075,39.206387,-76.892945
24,027,605602,7610,39.200123,-76.876209
24,027,606601,2875,39.224606,-76.832336
24,027,606603,7696,39.20867,-76.845055
24,027,606604,4037,39.203444,-76.82732
24,027,606606,4744,39.209261,-76.810427
24,027,606607,4530,39.219363,-76.817412
24,027,606701,2603,39.186025,-76.860386
24,027,606704,7072,39.190569000000004,-76.841586
24,027,606705,2011,39.180733,-76.837343
24,027,606706,4798,39.195878,-76.803148
24,027,606707,3755,39.169988,-76.82708
24,027,606803,5523,39.168079,-76.86431
24,027,606804,3202,39.161579,-76.845778
24,027,606805,4145,39.135094,-76.887604
24,027,606806,6441,39.147108,-76.873027
24,027,606901,5549,39.154485,-76.808099
24,027,606904,3977,39.124787,-76.833994
24,027,606905,6644,39.137746,-76.829221
24,027,606906,5615,39.116818,-76.852952
24,027,606907,5503,39.120042,-76.842725
24,029,950100,3838,39.312916,-75.84855
24,029,950200,4844,39.305286,-76.057623
24,029,950300,5775,39.219977,-76.070379
24,029,950400,3117,39.20735,-76.153237
24,029,950500,2623,39.134588,-76.228147
24,029,990000,0,39.197858,-76.25958
24,031,700101,4321,39.214742,-77.174482
24,031,700103,5864,39.196608,-77.129219
24,031,700104,5356,39.190531,-77.179691
24,031,700105,6528,39.182151,-77.163121
24,031,700204,2124,39.308297,-77.219376
24,031,700205,6312,39.242756,-77.226455
24,031,700206,5749,39.254132,-77.191113
24,031,700207,5638,39.274527,-77.210311
24,031,700208,2218,39.286556,-77.189561
24,031,700304,7692,39.206189,-77.258098
24,031,700306,7157,39.171882,-77.285945
24,031,700308,5720,39.194428,-77.276974
24,031,700309,5362,39.185775,-77.268774
24,031,700310,5267,39.182183,-77.278664
24,031,700311,6736,39.236482,-77.261496
24,031,700312,6126,39.245326,-77.284669
24,031,700400,2256,39.214495,-77.367637
24,031,700500,6295,39.142685,-77.411486
24,031,700604,6802,39.106781,-77.283725
24,031,700606,4327,39.095816,-77.238918
24,031,700607,8001,39.091616,-77.225086
24,031,700608,5968,39.064478,-77.255743
24,031,700610,2021,39.13454,-77.251776
24,031,700611,6352,39.161572,-77.301853
24,031,700613,6434,39.149863,-77.285737
24,031,700614,5341,39.153264,-77.27225
24,031,700615,3032,39.100129,-77.259767
24,031,700616,4497,39.109285,-77.25062
24,031,700704,2952,39.134136,-77.185857
24,031,700706,3447,39.147685,-77.227648
24,031,700710,6888,39.1477,-77.157287
24,031,700711,5912,39.136724,-77.163502
24,031,700713,5471,39.157463,-77.198581
24,031,700715,5969,39.169944,-77.185405
24,031,700716,7729,39.159718,-77.173271
24,031,700717,5877,39.131504,-77.198254
24,031,700718,4329,39.115266,-77.173675
24,031,700719,7590,39.147046,-77.188285
24,031,700720,3499,39.149643,-77.176575
24,031,700721,2621,39.161456,-77.205574
24,031,700722,4418,39.162013,-77.215504
24,031,700723,3387,39.147329,-77.199559
24,031,700724,3154,39.137219,-77.207394
24,031,700810,5142,39.186217,-77.206307
24,031,700811,4591,39.182827,-77.19296
24,031,700812,4177,39.171774,-77.19869
24,031,700813,5626,39.172042,-77.21159
24,031,700815,7546,39.163508,-77.269557
24,031,700816,7886,39.120875,-77.210138
24,031,700817,5197,39.111266,-77.200718
24,031,700818,6078,39.171711,-77.260754
24,031,700819,6651,39.168209,-77.251266
24,031,700820,2898,39.143736,-77.231316
24,031,700822,1568,39.137973,-77.227509
24,031,700823,3464,39.132625,-77.23603
24,031,700824,2736,39.120316,-77.245579
24,031,700826,5944,39.119589,-77.234278
24,031,700828,2468,39.108778,-77.224832
24,031,700829,3067,39.119062,-77.222317
24,031,700830,2520,39.189083,-77.243319
24,031,700832,2958,39.171929,-77.239919
24,031,700833,4251,39.177102,-77.230743
24,031,700834,4885,39.187554,-77.23608
24,031,700835,4616,39.200008,-77.235966
24,031,700901,4058,39.086346,-77.152009
24,031,700902,3759,39.089126,-77.142987
24,031,700903,1920,39.088999,-77.128978
24,031,700904,2578,39.066119,-77.130011
24,031,700905,3922,39.059095,-77.13027
24,031,701001,5421,39.071899,-77.149527
24,031,701002,3675,39.063164,-77.167073
24,031,701004,5055,39.098497,-77.166647
24,031,701005,3337,39.083324,-77.163661
24,031,701006,5549,39.08169,-77.180843
24,031,701007,3158,39.095909,-77.190307
24,031,701101,4636,39.080268,-77.122336
24,031,701102,6306,39.072604,-77.124945
24,031,701201,6012,39.050568,-77.097944
24,031,701202,2726,39.037606,-77.099096
24,031,701205,6370,39.043395,-77.13769
24,031,701206,6366,39.048581,-77.167947
24,031,701210,3948,39.064118,-77.18444
24,031,701211,6651,39.112286,-77.159876
24,031,701212,2714,39.127278,-77.137846
24,031,701213,5458,39.036851,-77.116155
24,031,701214,2793,39.029022,-77.098177
24,031,701215,4393,39.027515,-77.10949
24,031,701216,4157,39.048732,-77.11418
24,031,701218,2737,39.05498,-77.120952
24,031,701219,3121,39.064582,-77.111644
24,031,701220,3973,39.072846,-77.211216
24,031,701221,4553,39.087214,-77.206776
24,031,701303,3709,39.104789,-77.100394
24,031,701304,6038,39.168535,-77.071238
24,031,701306,3064,39.14194,-77.094068
24,031,701307,3576,39.157066,-77.112094
24,031,701308,3023,39.122931,-77.072023
24,031,701312,6080,39.153339,-77.07963
24,031,701313,3769,39.138591,-77.081324
24,031,701314,2854,39.144822,-77.06119
24,031,701315,4566,39.157627,-77.057767
24,031,701316,6317,39.149023,-77.018702
24,031,701317,4458,39.186717,-77.048694
24,031,701407,5674,39.101388,-77.011233
24,031,701408,6301,39.117164,-76.980125
24,031,701409,4361,39.098365,-76.951391
24,031,701410,7568,39.100727,-76.925565
24,031,701414,7465,39.069865,-76.967678
24,031,701415,7499,39.083538,-76.982709
24,031,701417,5596,39.078515,-76.93538
24,031,701418,3307,39.070909,-76.947701
24,031,701420,6907,39.057307,-76.949879
24,031,701421,1347,39.047909,-76.966918
24,031,701422,2570,39.082695,-76.943556
24,031,701423,4614,39.088073,-76.937931
24,031,701503,6949,39.062448,-76.991153
24,031,701505,6771,39.032509,-76.991683
24,031,701506,4986,39.05065,-77.004914
24,031,701507,4949,39.080781,-77.012699
24,031,701508,3687,39.046571,-76.979795
24,031,701509,6269,39.039132,-76.982289
24,031,701601,1938,39.015303,-76.97556
24,031,701602,6162,39.011602,-76.983844
24,031,701701,3400,38.977208,-77.007255
24,031,701702,2417,38.990808,-77.003178
24,031,701703,3154,38.985056,-76.991507
24,031,701704,2810,38.974982,-76.998843
24,031,701800,4947,38.98326,-77.010626
24,031,701900,3053,38.994268,-77.000313
24,031,702000,5400,38.996855,-76.992451
24,031,702101,5720,39.005773,-76.99279
24,031,702102,3197,39.022405,-77.003884
24,031,702200,4338,39.008728,-77.005834
24,031,702301,3720,39.000253,-77.004355
24,031,702302,4026,39.00629,-77.013954
24,031,702401,2516,38.992304,-77.013428
24,031,702402,4506,38.992911,-77.017937
24,031,702500,4987,38.992521000000004,-77.028968
24,031,702601,3931,38.991802,-77.033165
24,031,702602,4482,38.996553,-77.041461
24,031,702700,6848,38.997728,-77.051724
24,031,702800,4620,39.003937,-77.040197
24,031,702900,5192,39.004745,-77.02789
24,031,703000,1755,39.019126,-77.024099
24,031,703100,4372,39.025896,-77.021824
24,031,703201,7356,39.083677,-77.092842
24,031,703202,5584,39.094572,-77.098453
24,031,703206,3442,39.07213,-77.05493
24,031,703207,5646,39.055471,-77.043822
24,031,703208,5301,39.044856,-77.020594
24,031,703209,5526,39.04099,-77.037404
24,031,703210,3282,39.032128,-77.015353
24,031,703212,7692,39.073563,-77.039647
24,031,703213,5887,39.09014,-77.076028
24,031,703214,6713,39.086274,-77.066138
24,031,703215,3074,39.083347,-77.056584
24,031,703216,3596,39.096717,-77.071372
24,031,703218,1899,39.106356,-77.071992
24,031,703219,3257,39.106384,-77.065479
24,031,703220,4975,39.099175,-77.055156
24,031,703221,5143,39.105853,-77.047313
24,031,703301,4765,39.070541,-77.093505
24,031,703302,4273,39.072772,-77.082552
24,031,703401,5569,39.061096,-77.078884
24,031,703402,3805,39.069425,-77.068818
24,031,703403,3683,39.061933,-77.062448
24,031,703404,3240,39.054367,-77.070168
24,031,703501,6640,39.054422,-77.087666
24,031,703502,2929,39.039592,-77.079833
24,031,703601,4640,39.041168,-77.069466
24,031,703602,2919,39.030608,-77.062726
24,031,703701,4175,39.053818,-77.062018
24,031,703702,4040,39.048359,-77.056454
24,031,703800,2943,39.037087,-77.052311
24,031,703901,2957,39.020636,-77.038551
24,031,703902,7185,39.033075,-77.040766
24,031,704000,6799,39.021689,-77.050337
24,031,704100,4661,39.016967,-77.073979
24,031,704200,2213,39.025842,-77.072703
24,031,704300,3835,39.022927,-77.088693
24,031,704401,3086,39.023325,-77.116217
24,031,704403,1510,39.016241,-77.105876
24,031,704404,5164,39.011213,-77.104146
24,031,704501,3592,39.018264,-77.13115
24,031,704502,2677,39.009223,-77.132806
24,031,704503,3931,39.006891,-77.118964
24,031,704600,5079,38.996094,-77.114387
24,031,704700,3858,38.985111,-77.107182
24,031,704803,3326,38.978176,-77.095791
24,031,704804,1508,38.983645,-77.093837
24,031,704805,1865,38.986314,-77.09526
24,031,704806,2780,38.991252,-77.098108
24,031,705000,4465,38.993273,-77.088413
24,031,705100,5090,38.993741,-77.071632
24,031,705200,3270,38.982782,-77.06606
24,031,705300,1895,38.969516,-77.079653
24,031,705400,2824,38.981991,-77.083686
24,031,705501,2493,38.963839,-77.09228
24,031,705502,3993,38.969363,-77.098343
24,031,705601,2835,38.956251,-77.099288
24,031,705602,3925,38.962004,-77.089904
24,031,705701,4614,38.965697,-77.114956
24,031,705702,4457,38.9535,-77.113607
24,031,705800,6003,38.964875,-77.140494
24,031,705901,4226,38.993104,-77.138999
24,031,705902,4164,38.977477,-77.139927
24,031,705903,4547,38.982973,-77.122586
24,031,706005,4579,39.019441,-77.187478
24,031,706007,7166,39.046926,-77.205433
24,031,706008,5330,38.996407,-77.219803
24,031,706009,5602,38.996875,-77.191823
24,031,706010,3026,39.027843,-77.164745
24,031,706011,5290,39.038734,-77.176108
24,031,706012,3130,39.027302,-77.151524
24,031,706013,2714,39.007323,-77.159839
24,033,800102,2763,39.106088,-76.855755
24,033,800103,2178,39.097584,-76.845325
24,033,800105,3465,39.106016,-76.875737
24,033,800106,2651,39.096144,-76.873801
24,033,800108,3559,39.09567,-76.861455
24,033,800109,3818,39.099172,-76.863643
24,033,800203,4252,39.109426,-76.895385
24,033,800206,3989,39.050349,-76.8329
24,033,800208,7641,39.057855000000004,-76.85298
24,033,800209,4001,39.087317,-76.849709
24,033,800210,2882,39.076352,-76.85394
24,033,800211,2940,39.080464,-76.842653
24,033,800212,4199,39.081336,-76.878338
24,033,800213,4355,39.086135,-76.865742
24,033,800214,2690,39.070485,-76.85164
24,033,800215,2634,39.068333,-76.86137
24,033,800401,2532,38.994236,-76.731068
24,033,800402,4921,38.984232,-76.744303
24,033,800403,3683,38.998342,-76.751131
24,033,800408,6808,38.974952,-76.810809
24,033,800409,6362,38.982467,-76.777806
24,033,800410,6634,39.009928,-76.774433
24,033,800411,4252,38.999532,-76.811793
24,033,800412,3272,38.982887,-76.843151
24,033,800413,3714,38.986775,-76.831767
24,033,800504,4660,38.969987,-76.73124
24,033,800505,2676,38.95796,-76.734566
24,033,800507,2943,38.923202,-76.705978
24,033,800509,9339,38.891438,-76.770036
24,033,800511,5111,38.911026,-76.728931
24,033,800513,5416,38.962621,-76.752424
24,033,800514,4672,38.958095,-76.783564
24,033,800515,3843,38.938286,-76.740098
24,033,800516,3566,38.942932,-76.732477
24,033,800517,5387,38.910902,-76.769938
24,033,800518,3178,38.929389,-76.76398
24,033,800519,4191,38.928247,-76.725113
24,033,800520,1918,38.939852,-76.721767
24,033,800601,1934,38.827898,-76.715489
24,033,800604,1738,38.847175,-76.71259
24,033,800605,5049,38.821488,-76.772629
24,033,800606,4708,38.825714,-76.763284
24,033,800607,5882,38.86096,-76.774173
24,033,800608,3555,38.859374,-76.749499
24,033,800701,5394,38.831097,-76.812462
24,033,800704,4817,38.771007,-76.786411
24,033,800705,4213,38.756642,-76.787106
24,033,800706,3550,38.788577,-76.827924
24,033,800707,2840,38.801472,-76.808306
24,033,800800,3539,38.711302,-76.752385
24,033,800900,1698,38.610045,-76.733014
24,033,801003,3607,38.682539,-76.870008
24,033,801004,4141,38.717518,-76.86356
24,033,801005,3719,38.75207,-76.832202
24,033,801006,3888,38.756315,-76.823636
24,033,801104,2973,38.800299,-76.893472
24,033,801207,4432,38.760888,-76.872402
24,033,801208,3644,38.743428,-76.889812
24,033,801209,4361,38.734756,-76.903749
24,033,801210,4103,38.769037,-76.920316
24,033,801211,3188,38.783,-76.906572
24,033,801212,3091,38.791853,-76.9153
24,033,801213,3825,38.77561,-76.939242
24,033,801214,3995,38.783731,-76.866135
24,033,801215,2386,38.765671,-76.857163
24,033,801216,3425,38.754996,-76.908737
24,033,801217,3636,38.762205,-76.891344
24,033,801302,2734,38.671479,-77.027263
24,033,801305,5569,38.76058,-76.968309
24,033,801307,3668,38.732649,-77.008333
24,033,801308,3580,38.716182,-76.999863
24,033,801309,3408,38.712027,-77.011627
24,033,801310,6143,38.658794,-77.012722
24,033,801311,5721,38.714094,-76.952355
24,033,801312,3757,38.718667,-76.981439
24,033,801313,3140,38.744352,-76.976602
24,033,801404,4812,38.783458,-77.007317
24,033,801405,4245,38.795866,-76.990014
24,033,801406,2768,38.771524,-76.984266
24,033,801407,6308,38.788868,-76.950424
24,033,801408,3411,38.801396,-76.960808
24,033,801409,2752,38.786686,-76.98415
24,033,801410,3519,38.760195,-77.017959
24,033,801411,3398,38.76998,-77.006253
24,033,801500,2506,38.810375,-76.999234
24,033,801600,2813,38.820302,-76.995956
24,033,801701,4195,38.806389,-76.94765
24,033,801702,3737,38.809405,-76.960051000000007
24,033,801704,5467,38.824546,-76.984123
24,033,801706,1522,38.824008,-76.958124
24,033,801707,6175,38.814683,-76.986582
24,033,801708,3425,38.814823,-76.967702
24,033,801801,1966,38.828741,-76.947947
24,033,801802,3855,38.834688,-76.952302
24,033,801804,2022,38.841043,-76.957839
24,033,801805,2763,38.846006,-76.956233
24,033,801807,4685,38.838611,-76.970484
24,033,801808,3689,38.832189,-76.961815
24,033,801901,4909,38.806989,-76.92619
24,033,801904,3405,38.811906,-76.905479
24,033,801905,4696,38.824957,-76.903058
24,033,801906,1966,38.8298,-76.889109
24,033,801907,3528,38.833177,-76.936206
24,033,801908,3363,38.844294,-76.943074
24,033,802001,5702,38.840523,-76.919793
24,033,802002,3747,38.847657,-76.915381
24,033,802103,3079,38.848019,-76.890018
24,033,802104,2005,38.83948,-76.882584
24,033,802106,4508,38.841326,-76.895254
24,033,802107,3560,38.84471,-76.900177
24,033,802201,1872,38.853606,-76.849596
24,033,802203,4655,38.853291,-76.875272
24,033,802204,6376,38.866592,-76.868325
24,033,802301,3674,38.857006,-76.889675
24,033,802404,4540,38.863893,-76.890963
24,033,802405,4240,38.859229,-76.930806
24,033,802406,2440,38.855198,-76.920996
24,033,802407,3695,38.859514,-76.910859
24,033,802408,1783,38.866248,-76.919617
24,033,802501,3167,38.862603,-76.945334
24,033,802502,2406,38.869419,-76.931536
24,033,802600,3280,38.875698,-76.92492
24,033,802700,2754,38.88325,-76.915202
24,033,802803,5101,38.874398,-76.908925
24,033,802804,5466,38.878721,-76.884549
24,033,802805,4895,38.894352,-76.888606
24,033,802901,3962,38.894545,-76.904212
24,033,803001,2945,38.902699,-76.909994
24,033,803002,2723,38.902569,-76.89523
24,033,803100,2627,38.908757,-76.920681
24,033,803200,3027,38.922994,-76.892288
24,033,803300,4337,38.920496,-76.885351
24,033,803401,1323,38.922457,-76.872767
24,033,803402,4631,38.915196,-76.875248
24,033,803508,4938,38.926299,-76.862042
24,033,803509,3079,38.931364,-76.879846
24,033,803512,6239,38.877899,-76.830111
24,033,803513,4470,38.888072,-76.828891
24,033,803514,4381,38.903726,-76.835568
24,033,803516,4446,38.952176,-76.812889
24,033,803519,3825,38.896003,-76.863972
24,033,803520,4305,38.938537,-76.821338
24,033,803521,4655,38.925592,-76.835105
24,033,803522,3727,38.90184,-76.811364
24,033,803523,3625,38.912624,-76.815888
24,033,803524,3295,38.90363,-76.879925
24,033,803525,2404,38.909415,-76.867827
24,033,803526,3482,38.886506,-76.808929
24,033,803527,3084,38.894465,-76.818977
24,033,803601,3491,38.939071,-76.847217
24,033,803602,1866,38.935423,-76.865123
24,033,803605,6763,38.969331,-76.882234
24,033,803606,5500,38.973346,-76.85837
24,033,803607,3405,38.967784,-76.837159
24,033,803608,5776,38.956945,-76.852176
24,033,803610,3283,38.963507,-76.882325
24,033,803612,3144,38.951944,-76.87399
24,033,803613,5074,38.957466,-76.881072
24,033,803700,2545,38.943102,-76.888414
24,033,803801,2609,38.946847,-76.903555
24,033,803803,5003,38.954249,-76.898381
24,033,803900,3593,38.949595,-76.921543
24,033,804001,5137,38.945198,-76.914529
24,033,804002,3992,38.941242,-76.927824
24,033,804101,3238,38.929299,-76.905768
24,033,804102,5974,38.937653,-76.900622
24,033,804200,3094,38.925336,-76.91612
24,033,804300,3452,38.934397,-76.925848
24,033,804400,2709,38.935801,-76.947653
24,033,804600,3002,38.943704,-76.956065
24,033,804700,3583,38.939446,-76.962588
24,033,804801,2376,38.94474,-76.969428
24,033,804802,2677,38.9507,-76.96355
24,033,804900,3879,38.951078,-76.977348
24,033,805000,5223,38.960319,-76.984128
24,033,805101,3664,38.962796,-76.973897
24,033,805201,4270,38.965968,-76.996944
24,033,805202,3820,38.972099,-76.992163
24,033,805500,3628,38.980249,-76.980259
24,033,805601,6201,38.991132,-76.984631
24,033,805602,4918,38.990073,-76.981728
24,033,805700,6143,38.991965,-76.979123
24,033,805801,4401,38.977699,-76.968769
24,033,805802,4175,38.975273,-76.974715
24,033,805904,3366,38.99649,-76.969575
24,033,805906,2820,39.00705,-76.97463
24,033,805907,3600,39.005162,-76.977005
24,033,805908,2123,38.971487,-76.95686
24,033,805909,4261,38.976316,-76.960834
24,033,806000,5071,38.961046,-76.961613
24,033,806100,4380,38.956643,-76.953822
24,033,806200,4012,38.956801,-76.945831
24,033,806300,2108,38.951628,-76.935038
24,033,806400,3411,38.973519,-76.944521
24,033,806501,5151,38.958315,-76.928178
24,033,806601,4636,38.956348,-76.915091
24,033,806602,4578,38.964822,-76.91026
24,033,806706,3755,38.982743,-76.88966
24,033,806708,4232,38.999784,-76.881694
24,033,806710,5332,38.986655,-76.87155
24,033,806711,5146,38.987035,-76.857358
24,033,806712,3053,38.997376,-76.866772
24,033,806713,3698,39.003605,-76.900822
24,033,806714,3623,39.003749,-76.905929
24,033,806800,3914,38.990032,-76.912519
24,033,806900,4134,39.01256,-76.919896
24,033,807000,4906,38.99841,-76.927389
24,033,807102,2613,38.969713,-76.931789
24,033,807200,15934,38.987215,-76.942433
24,033,807301,3289,39.011059,-76.943724
24,033,807304,1928,39.025854,-76.959739
24,033,807305,3676,39.012472,-76.966516
24,033,807404,4977,39.040033,-76.911219
24,033,807405,5858,39.036818,-76.923104
24,033,807407,6260,39.06047,-76.933666
24,033,807408,5729,39.02682,-76.885586
24,033,807409,3764,39.040419,-76.942317
24,033,807410,3953,39.043872,-76.948206
24,035,810100,3089,39.230088,-75.917719
24,035,810200,2636,39.165589,-75.837573
24,035,810300,4546,39.167189,-76.002931
24,035,810400,6053,39.058747,-76.066798
24,035,810500,4468,39.019817,-76.005354
24,035,810600,4910,38.944824,-76.159147
24,035,810700,3939,38.958391,-76.202527
24,035,810800,5824,38.994142,-76.299734
24,035,810901,4927,38.948288,-76.340739
24,035,810902,2945,38.879812,-76.351821
24,035,811000,4461,38.954862,-76.284937
24,035,990000,0,38.994388,-76.342775
24,035,990100,0,38.867541,-76.321269
24,035,990200,0,39.00586,-76.25117
24,037,875000,6101,38.468881,-76.703993
24,037,875100,5171,38.478484,-76.757361
24,037,875201,5135,38.389603,-76.739256
24,037,875202,5896,38.390704,-76.807348
24,037,875300,3266,38.273868,-76.765753
24,037,875400,7037,38.270837,-76.649913
24,037,875500,8631,38.309865,-76.611075
24,037,875600,8333,38.337718,-76.588025
24,037,875700,7470,38.373198,-76.576034
24,037,875801,1014,38.274032,-76.441793
24,037,875802,4073,38.305284,-76.492634
24,037,875901,7280,38.245673,-76.428543
24,037,875902,7638,38.249371,-76.47078
24,037,876001,4713,38.267135,-76.471205
24,037,876002,8714,38.277365,-76.504137
24,037,876100,7560,38.202894,-76.523444
24,037,876200,7119,38.16512,-76.395992
24,037,990000,0,38.108962,-76.431674
24,039,930101,7472,38.213202,-75.680456
24,039,930102,3759,38.223916,-75.723415
24,039,930200,1817,38.140887,-75.910405
24,039,930300,2539,38.112809,-75.688884
24,039,930500,4396,38.013392,-75.785322
24,039,930600,3053,37.981723,-75.847849
24,039,980400,3434,38.156429,-75.707548
24,039,990100,0,38.011948,-76.067265
24,041,960100,4495,38.866918,-76.009445
24,041,960201,4104,38.763636,-76.108908
24,041,960300,3371,38.774904,-76.07747
24,041,960400,5590,38.771743,-76.067798
24,041,960501,4752,38.794443,-76.054352
24,041,960502,3833,38.748388,-76.053764
24,041,960600,1788,38.736652,-76.181632
24,041,960700,3635,38.779735,-76.234389
24,041,960800,1920,38.761199,-76.311239
24,041,960900,4294,38.66738,-76.078862
24,041,990000,0,38.701989,-76.356656
24,043,000100,3168,39.655027,-77.703071
24,043,000200,3974,39.662362,-77.721613
24,043,000301,3415,39.65404,-77.734907
24,043,000302,2742,39.649297,-77.728202
24,043,000400,2189,39.646543,-77.720376
24,043,000500,5500,39.646138,-77.707376
24,043,000601,2410,39.639201,-77.704003
24,043,000602,3104,39.621278,-77.718761
24,043,000700,3158,39.634645,-77.719937
24,043,000800,3466,39.632545,-77.727935
24,043,000900,3625,39.64259,-77.740088
24,043,001001,4941,39.62179,-77.748249
24,043,001002,4024,39.615763,-77.764604
24,043,010100,1388,39.709574,-77.490106
24,043,010200,4423,39.691942,-77.60985
24,043,010300,7454,39.686939,-77.710388
24,043,010400,7675,39.68513,-77.763337
24,043,010500,6152,39.655369,-77.827039
24,043,010600,5033,39.660082,-77.954737
24,043,010700,3447,39.700955,-78.186495
24,043,010801,4516,39.610531,-77.803579
24,043,010802,2506,39.595511,-77.810864
24,043,010900,8188,39.557377,-77.76348
24,043,011000,6164,39.561081,-77.721268
24,043,011100,5926,39.607572,-77.693144
24,043,011201,8935,39.629439,-77.666957
24,043,011202,4200,39.654538,-77.6564
24,043,011301,5195,39.653433,-77.574737
24,043,011302,3909,39.57966,-77.632626
24,043,011400,5701,39.517404,-77.655342
24,043,011500,8006,39.431516,-77.689068
24,043,011600,2896,39.45195,-77.750334
24,045,000100,5630,38.373988,-75.582893
24,045,000200,1897,38.373454,-75.596078
24,045,000300,1323,38.368765,-75.609486
24,045,000400,4095,38.356316,-75.607545
24,045,000500,2961,38.355493,-75.592806
24,045,010101,6150,38.380914,-75.564603
24,045,010102,3226,38.356787,-75.561084
24,045,010200,6142,38.387715,-75.608388
24,045,010300,7795,38.363173,-75.651024
24,045,010400,6987,38.335369,-75.621715
24,045,010501,4501,38.32245,-75.605538
24,045,010502,8875,38.344214,-75.586301
24,045,010603,7143,38.412787,-75.534954
24,045,010604,5065,38.402033,-75.404963
24,045,010605,4162,38.308146,-75.561456
24,045,010606,4200,38.348351,-75.461481
24,045,010701,3800,38.478758,-75.739862
24,045,010702,8671,38.431012,-75.62169
24,045,010800,6110,38.332295,-75.748952
24,047,950000,2080,38.346861,-75.082323
24,047,950100,1728,38.395748,-75.064739
24,047,950300,3294,38.437834,-75.060035
24,047,950400,2975,38.349075,-75.116634
24,047,950600,3060,38.391244,-75.155055
24,047,950700,2389,38.395783,-75.171415
24,047,950800,5495,38.395651,-75.216934
24,047,950900,2017,38.328247,-75.190873
24,047,951000,4402,38.322562,-75.211641
24,047,951100,6520,38.374502,-75.146246
24,047,951200,3091,38.206423,-75.357646
24,047,951300,2816,38.169872,-75.3921
24,047,951400,3355,38.105294,-75.48749
24,047,951500,4951,38.065647,-75.564571
24,047,951700,3281,38.309204,-75.130536
24,047,980000,0,38.073071,-75.247794
24,047,990000,0,38.235454,-75.099075
24,510,010100,3022,39.281343,-76.573809
24,510,010200,3009,39.288264,-76.573839
24,510,010300,2208,39.284759,-76.58051
24,510,010400,2870,39.281525,-76.580892
24,510,010500,1724,39.288839,-76.585852
24,510,020100,1884,39.288775,-76.588806
24,510,020200,2087,39.288816,-76.591782
24,510,020300,3344,39.283094,-76.591527
24,510,030100,3065,39.288989,-76.596156
24,510,030200,2342,39.287284,-76.601687
24,510,040100,4006,39.290796,-76.616998
24,510,040200,838,39.289968,-76.623982
24,510,060100,3222,39.294604,-76.575135
24,510,060200,3265,39.294525,-76.580691
24,510,060300,1800,39.294007,-76.585408
24,510,060400,1183,39.294108,-76.589967
24,510,070100,2957,39.299032,-76.575826
24,510,070200,3782,39.299354,-76.580607
24,510,070300,1042,39.299293,-76.585345
24,510,070400,1241,39.300135,-76.594516
24,510,080101,3881,39.325262,-76.574816
24,510,080102,2508,39.31713,-76.576195
24,510,080200,1585,39.310932,-76.583871
24,510,080301,2084,39.305927,-76.581668
24,510,080302,2937,39.306315,-76.57684
24,510,080400,1564,39.305734,-76.586092
24,510,080500,1704,39.3148,-76.593275
24,510,080600,2469,39.310324,-76.593568
24,510,080700,1137,39.307314,-76.593396
24,510,080800,1281,39.303395,-76.594498
24,510,090100,4251,39.337204,-76.603927
24,510,090200,3243,39.335163,-76.591827
24,510,090300,4203,39.331757,-76.603377
24,510,090400,1586,39.323221,-76.606727
24,510,090500,1964,39.32522,-76.602464
24,510,090600,3402,39.325445,-76.590378
24,510,090700,3149,39.321045,-76.595658
24,510,090800,3073,39.314846,-76.603958
24,510,090900,2452,39.30866,-76.601222
24,510,100100,2126,39.303606,-76.604272
24,510,100200,2767,39.300124,-76.602064
24,510,100300,5237,39.299698,-76.609045
24,510,110100,3223,39.301472,-76.613464
24,510,110200,5072,39.299434,-76.616733
24,510,120100,4790,39.336458,-76.618445
24,510,120201,2033,39.328383,-76.612332
24,510,120202,6224,39.32787,-76.616252
24,510,120300,3552,39.320228,-76.612438
24,510,120400,1313,39.314433,-76.6124
24,510,120500,1751,39.309097,-76.612639
24,510,120600,3269,39.317486,-76.617718
24,510,120700,2476,39.320725,-76.622614
24,510,130100,2613,39.315264,-76.634906
24,510,130200,2775,39.312304,-76.631197
24,510,130300,2269,39.312235,-76.640178
24,510,130400,2011,39.31657,-76.647833
24,510,130600,3586,39.32834,-76.629942
24,510,130700,5192,39.336642,-76.631907
24,510,130803,2748,39.340512,-76.642418
24,510,130804,1955,39.332587,-76.638285
24,510,130805,985,39.348000999999996,-76.655234
24,510,130806,1431,39.333568,-76.64925
24,510,140100,4974,39.307827,-76.625885
24,510,140200,2853,39.303561,-76.631818
24,510,140300,2333,39.30795,-76.635546
24,510,150100,3211,39.30628,-76.642282
24,510,150200,2699,39.306995,-76.647544
24,510,150300,2478,39.307652,-76.654567
24,510,150400,3724,39.311904,-76.652181
24,510,150500,1543,39.320149,-76.65778
24,510,150600,3412,39.308778,-76.665808
24,510,150701,1696,39.316666,-76.671295
24,510,150702,2359,39.312922,-76.666938
24,510,150800,4223,39.319039,-76.677546
24,510,150900,3344,39.318838,-76.684508
24,510,151000,5214,39.333643,-76.683974
24,510,151100,6572,39.330934,-76.671821
24,510,151200,4215,39.331245,-76.659434
24,510,151300,4546,39.338181,-76.664357999999993
24,510,160100,2388,39.297638,-76.635949
24,510,160200,2515,39.299767,-76.640638
24,510,160300,1558,39.299087,-76.644305
24,510,160400,2525,39.298051,-76.647981
24,510,160500,4245,39.297798,-76.655581
24,510,160600,3509,39.296647,-76.664159
24,510,160700,5615,39.303196,-76.66769
24,510,160801,3281,39.298319,-76.68407
24,510,160802,3045,39.296356,-76.677622
24,510,170100,1602,39.296675,-76.622824
24,510,170200,3145,39.301101,-76.626492
24,510,170300,2011,39.297435,-76.630263
24,510,180100,2200,39.29161,-76.630808
24,510,180200,977,39.290486,-76.636253
24,510,180300,1909,39.287056,-76.633308
24,510,190100,1895,39.290811,-76.641799
24,510,190200,1920,39.285198,-76.640012
24,510,190300,2586,39.284555,-76.644358
24,510,200100,1846,39.290638,-76.647618
24,510,200200,2969,39.289785,-76.655466
24,510,200300,1836,39.284025,-76.648174
24,510,200400,1691,39.28574,-76.655501
24,510,200500,3142,39.280864,-76.653893
24,510,200600,2713,39.281788,-76.667594
24,510,200701,4619,39.290761,-76.676888
24,510,200702,1426,39.284908,-76.676302
24,510,200800,2282,39.281904,-76.683346
24,510,210100,2130,39.281925,-76.628923
24,510,210200,3373,39.281524,-76.63395
24,510,220100,4025,39.282409,-76.617414
24,510,230100,1953,39.275771,-76.616118
24,510,230200,2172,39.273552,-76.613546
24,510,230300,1136,39.26972,-76.614013
24,510,240100,2699,39.269783,-76.590944
24,510,240200,2564,39.274915,-76.605183
24,510,240300,2141,39.275656,-76.610263
24,510,240400,2571,39.270755,-76.607515
24,510,250101,3626,39.276673,-76.697868
24,510,250102,2910,39.276554,-76.690225
24,510,250103,4050,39.268904,-76.67776
24,510,250203,2018,39.249199,-76.619465
24,510,250204,4125,39.246291,-76.626668
24,510,250205,4689,39.254077,-76.646328
24,510,250206,2590,39.265794,-76.659245
24,510,250207,2059,39.252895,-76.626653
24,510,250301,2430,39.262445,-76.638928
24,510,250303,2324,39.266922,-76.650394
24,510,250401,3823,39.236881,-76.606212
24,510,250402,4930,39.231207,-76.60117
24,510,250500,5468,39.228028,-76.591557
24,510,250600,22,39.240848,-76.603787
24,510,260101,4763,39.343163,-76.53481
24,510,260102,4911,39.335002,-76.539721
24,510,260201,5116,39.329226,-76.549665
24,510,260202,5937,39.324784,-76.557586
24,510,260203,2830,39.321875,-76.545649
24,510,260301,4933,39.321808,-76.56692
24,510,260302,6094,39.317206,-76.564845
24,510,260303,778,39.312303,-76.558128
24,510,260401,3230,39.305605,-76.551448
24,510,260402,2648,39.320469,-76.538914
24,510,260403,1575,39.327352,-76.531307
24,510,260404,1996,39.295572,-76.56573
24,510,260501,4875,39.287707,-76.543131
24,510,260604,1465,39.279078,-76.540305
24,510,260605,4795,39.275002,-76.537804
24,510,260700,2260,39.2865,-76.556848
24,510,260800,2647,39.290348,-76.566535
24,510,260900,2652,39.282976,-76.565952
24,510,261000,3253,39.293381,-76.570882
24,510,261100,1951,39.282773,-76.570067
24,510,270101,1698,39.332884,-76.568207
24,510,270102,3749,39.338497,-76.559434
24,510,270200,1914,39.341323,-76.573762
24,510,270301,3148,39.348623,-76.571113
24,510,270302,1764,39.345048,-76.563658
24,510,270401,5412,39.345909,-76.546796
24,510,270402,3229,39.351423,-76.553351
24,510,270501,4420,39.364308,-76.541562
24,510,270502,4361,39.357191,-76.544231
24,510,270600,4605,39.358545,-76.566119
24,510,270701,2583,39.369834,-76.565187
24,510,270702,2333,39.364895,-76.563442
24,510,270703,2898,39.368963,-76.553114
24,510,270801,4051,39.369647,-76.591534
24,510,270802,4992,39.36147,-76.592864
24,510,270803,6268,39.360987,-76.581493
24,510,270804,2804,39.368813,-76.604063
24,510,270805,4952,39.359517,-76.602939
24,510,270901,4043,39.349508,-76.595761
24,510,270902,4754,39.351219,-76.585419
24,510,270903,4603,39.342644,-76.59034
24,510,271001,2298,39.342906,-76.605175
24,510,271002,4132,39.350025,-76.605035
24,510,271101,2046,39.350831,-76.612279
24,510,271102,4525,39.346842,-76.620885
24,510,271200,6103,39.362975,-76.617979
24,510,271300,2791,39.361242,-76.639093
24,510,271400,3730,39.345197,-76.631697
24,510,271501,4183,39.365316,-76.665035
24,510,271503,856,39.356174,-76.64655
24,510,271600,4523,39.343237,-76.664937
24,510,271700,5648,39.350268,-76.669314
24,510,271801,3175,39.347488,-76.683431
24,510,271802,2993,39.344331,-76.677378
24,510,271900,3773,39.355102,-76.683479
24,510,272003,5817,39.362788,-76.685253
24,510,272004,3788,39.369036,-76.689178
24,510,272005,3429,39.36885,-76.700947
24,510,272006,3548,39.357228,-76.697126
24,510,272007,4367,39.363599,-76.706542
24,510,280101,3226,39.352608,-76.70214
24,510,280102,6045,39.337793,-76.697561
24,510,280200,4828,39.328576,-76.700897
24,510,280301,4101,39.312324,-76.703701
24,510,280302,2282,39.319265,-76.692796
24,510,280401,3565,39.295879,-76.703851
24,510,280402,1574,39.297485,-76.688882
24,510,280403,5073,39.28476,-76.703381
24,510,280404,2267,39.285671,-76.689698
24,510,280500,3549,39.294576,-76.603108
