state,puma,led_code,total_employed_pre,total_unemployed_post,percent_change_imputed,state_imputation
24,00100,11,494,-22.19997112246962,0.0449392127985215,0
24,00100,21,357,-25.53510954259281,0.07152691748625437,0
24,00100,22,520,-16.117173348945286,0.03099456413258709,0
24,00100,23,3660,5.87693922685702,-0.0016057211002341585,0
24,00100,31,420,16.738110841828657,-0.039852644861496804,0
24,00100,32,1062,15.438375009178003,-0.014537076279828628,0
24,00100,33,1854,94.985942888380265,-0.05123297890419647,0
24,00100,42,777,4.75619494403064,-0.0061212290141964484,0
24,00100,44,3152,-28.565331826588654,0.00906260527493295,0
24,00100,45,1647,-50.66779504826463,0.030763688553894736,0
24,00100,48,1541,58.401592743910015,-0.037898502753997414,0
24,00100,49,490,-36.46214854352337,0.07441254804800687,0
24,00100,51,833,50.56071785922836,-0.06069714028718891,0
24,00100,52,1221,9.862240063040879,-0.008077182688813168,0
24,00100,53,1171,70.46394720168341,-0.06017416498862802,0
24,00100,54,1359,13.354334870847346,-0.009826589308938444,0
24,00100,55,23,3.664039684953888,-0.1593060732588647,0
24,00100,56,1779,131.16083938909208,-0.07372728464816868,0
24,00100,61,4161,206.90543698808514,-0.04972493078300532,0
24,00100,62,6927,398.4295350303503,-0.05751833911222034,0
24,00100,71,681,168.00580849161125,-0.2467045645985481,0
24,00100,72,3356,648.9160539433568,-0.19335996839790132,0
24,00100,81,2100,127.06584420973411,-0.060507544861778145,0
24,00100,92,2899,101.17411326632926,-0.034899659629641,0
24,00200,11,717,-1.6293556787133667,0.0022724625923477917,0
24,00200,21,26,2.6613619423807395,-0.10236007470695152,0
24,00200,22,341,-10.141430422231345,0.029740265167833856,0
24,00200,23,5197,8.344932557916923,-0.0016057211002341587,0
24,00200,31,846,304.2982433666674,-0.35969059499606076,0
24,00200,32,1697,64.72559109114547,-0.038141185086119904,0
24,00200,33,2962,198.48961624120818,-0.06701202438933429,0
24,00200,42,1331,7.210449379188676,-0.0054173173397360445,0
24,00200,44,5260,92.56174365204248,-0.017597289667688684,0
24,00200,45,2743,-72.71078937805585,0.02650776134817931,0
24,00200,48,2206,52.09884722398933,-0.02361688450770142,0
24,00200,49,2320,-230.4958749569707,0.09935167024007358,0
24,00200,51,1127,75.37268534158072,-0.06687904644328369,0
24,00200,52,3300,27.204096411294838,-0.008243665579180253,0
24,00200,53,955,55.59449314679764,-0.05821412894952632,0
24,00200,54,4365,65.4343606079415,-0.014990689715450515,0
24,00200,55,12,1.9116728791063764,-0.1593060732588647,0
24,00200,56,3159,243.8647148801559,-0.07719680749609241,0
24,00200,61,4999,246.79673418977336,-0.04936922068209109,0
24,00200,62,9070,592.3214255229434,-0.06530555959459133,0
24,00200,71,1187,328.434536310844,-0.27669295392657456,0
24,00200,72,4120,741.3675963604786,-0.17994359134963073,0
24,00200,81,3782,260.2477130939944,-0.0688121927800091,0
24,00200,92,5320,182.70298970006323,-0.03434266723685399,0
24,00301,11,721,-0.6110083795175125,8.474457413557733e-4,0
24,00301,21,90,-9.835340262398919,0.1092815584710991,0
24,00301,22,377,-41.930911395702694,0.11122257664642625,0
24,00301,23,6013,9.655200975707997,-0.0016057211002341587,0
24,00301,31,257,10.462031988872457,-0.040708295676546526,0
24,00301,32,1625,47.46557872216513,-0.02920958690594777,0
24,00301,33,2000,85.79673089643948,-0.04289836544821974,0
24,00301,42,1553,-2.255287223367195,0.0014522132796955538,0
24,00301,44,4935,14.723819157908286,-0.002983549981339065,0
24,00301,45,1676,-21.33768624783939,0.012731316376992477,0
24,00301,48,1322,109.629590366369,-0.08292707289437898,0
24,00301,49,697,-44.56197375943241,0.0639339652215673,0
24,00301,51,1647,129.06335004807534,-0.07836268976810888,0
24,00301,52,2907,16.476021274847753,-0.005667705976899811,0
24,00301,53,1151,40.008926608278436,-0.034760144750893514,0
24,00301,54,8683,37.16968911964314,-0.0042807427294302815,0
24,00301,55,42,6.690855076872317,-0.1593060732588647,0
24,00301,56,2772,195.8579826067886,-0.07065583788123686,0
24,00301,61,6780,332.7540752280557,-0.049078772157530336,0
24,00301,62,7383,482.58362510882756,-0.06536416431109679,0
24,00301,71,1184,302.12455544240873,-0.2551727664209533,0
24,00301,72,3000,542.8058568919024,-0.18093528563063413,0
24,00301,81,3446,249.5801146726266,-0.07242603443779065,0
24,00301,92,6830,233.10951569409684,-0.03413023655843292,0
24,00302,11,320,0,-0,0
24,00302,21,104,-11.85302075785711,0.11397135344093375,0
24,00302,22,231,-7.180242334107225,0.031083300147650327,0
24,00302,23,4586,7.363836965673852,-0.0016057211002341587,0
24,00302,31,504,16.316010584250122,-0.032373036873512145,0
24,00302,32,1119,24.596868505639282,-0.021981115733368438,0
24,00302,33,2191,90.0899856040271,-0.041118204292116434,0
24,00302,42,1053,3.078136354950581,-0.002923206414957817,0
24,00302,44,4304,-40.998169471606296,0.009525596996191054,0
24,00302,45,2636,-76.42388137182554,0.028992367743484654,0
24,00302,48,1513,135.73947905703957,-0.08971545211965604,0
24,00302,49,677,-46.36379337078658,0.06848418518579998,0
24,00302,51,1676,129.69388396719077,-0.07738298566061502,0
24,00302,52,3017,21.411677188128674,-0.007097009343098665,0
24,00302,53,1172,47.9707355639006,-0.04093066174394249,0
24,00302,54,7762,81.33598361944765,-0.010478740481763418,0
24,00302,55,59,9.399058322273017,-0.1593060732588647,0
24,00302,56,3314,222.7376396091398,-0.0672111163576161,0
24,00302,61,6354,336.0406879038369,-0.05288647905316917,0
24,00302,62,8786,558.1053047544572,-0.06352211526911646,0
24,00302,71,1401,387.30428282047876,-0.2764484531195423,0
24,00302,72,4933,904.488763436774,-0.1833547057443288,0
24,00302,81,2775,268.8966807732395,-0.09689970478314937,0
24,00302,92,5685,173.55206540768563,-0.03052806779378815,0
24,00400,11,802,-4.175223926703002,0.0052060148712007506,0
24,00400,21,64,-2.8148811769808573,0.043982518390325895,0
24,00400,22,645,-15.466802736547308,0.023979539126429934,0
24,00400,23,8929,14.337483703990802,-0.0016057211002341587,0
24,00400,31,744,34.00304285314571,-0.04570301458756144,0
24,00400,32,1504,53.248225580805816,-0.035404405306386846,0
24,00400,33,3139,161.56054195778952,-0.05146879323280966,0
24,00400,42,2059,19.748139440377933,-0.009591131345496811,0
24,00400,44,6413,-62.97016305970209,0.009819142844176218,0
24,00400,45,2460,-51.40740325302446,0.0208973183955384,0
24,00400,48,1742,240.06047823336434,-0.13780739278608745,0
24,00400,49,750,-62.20876317316722,0.08294501756422296,0
24,00400,51,2135,124.9980399399388,-0.05854709130676291,0
24,00400,52,4600,17.338463407050153,-0.0037692311754456854,0
24,00400,53,1581,79.12884150852368,-0.050049868126833444,0
24,00400,54,7969,77.05504154330563,-0.00966934891997812,0
24,00400,55,82,13.063098007226905,-0.1593060732588647,0
24,00400,56,3582,251.8872519577624,-0.07032028251193814,0
24,00400,61,9486,439.9834505301305,-0.046382400435392206,0
24,00400,62,10839,654.2357872500725,-0.0603594231248337,0
24,00400,71,1453,402.7038480088803,-0.2771533709627531,0
24,00400,72,4669,824.1817257259614,-0.17652210874404828,0
24,00400,81,4616,338.34760052077274,-0.07329887359635458,0
24,00400,92,7241,250.62648498949704,-0.03461213713430424,0
24,00501,11,539,0,-0,0
24,00501,21,7,-0.7649709092976937,0.1092815584710991,0
24,00501,22,454,-42.77332270791076,0.09421436719804131,0
24,00501,23,4145,6.655713960470588,-0.0016057211002341587,0
24,00501,31,717,31.49247973428423,-0.04392256587766281,0
24,00501,32,1085,17.221332964368628,-0.01587219628052408,0
24,00501,33,2495,128.90568683912403,-0.0516656059475447,0
24,00501,42,1243,-5.464950787168468,0.004396581486056692,0
24,00501,44,4590,15.649359278056235,-0.0034094464658074586,0
24,00501,45,1196,-8.766008573490142,0.007329438606597108,0
24,00501,48,1329,69.48474132569481,-0.052283477295481426,0
24,00501,49,488,-50.30643039685838,0.10308694753454586,0
24,00501,51,1122,110.57923504547682,-0.09855546795497043,0
24,00501,52,4182,12.956044465923295,-0.003098049848379554,0
24,00501,53,1667,69.22033191249807,-0.041523894368625115,0
24,00501,54,6542,82.25474036803651,-0.01257333237053447,0
24,00501,55,56,8.921140102496423,-0.1593060732588647,0
24,00501,56,2383,183.7539986802461,-0.07711036453220567,0
24,00501,61,5802,297.19144288364424,-0.05122224110369601,0
24,00501,62,9700,525.0781643416477,-0.0541317695197575,0
24,00501,71,1409,421.2891586857712,-0.2989986931765587,0
24,00501,72,2297,399.0732734699699,-0.17373673202872,0
24,00501,81,3138,230.3019859926019,-0.07339132759483809,0
24,00501,92,4336,142.572825832121,-0.0328811867694006,0
24,00502,11,22,0,-0,0
24,00502,21,23,-1.1999022976888383,0.05216966511690601,0
24,00502,22,438,-13.649929936635068,0.031164223599623442,0
24,00502,23,3032,4.868546375909969,-0.0016057211002341587,0
24,00502,31,769,21.951541589560275,-0.02854556773674938,0
24,00502,32,936,14.893857858901164,-0.015912241302244834,0
24,00502,33,1248,60.40904160017543,-0.048404680769371336,0
24,00502,42,1232,10.095987770304534,-0.00819479526810433,0
24,00502,44,5694,13.231395653625517,-0.0023237435289121034,0
24,00502,45,1603,-72.37306129354197,0.04514850985249031,0
24,00502,48,1821,199.28539969432993,-0.10943734195185609,0
24,00502,49,1814,-105.19058011266208,0.057988191903341826,0
24,00502,51,1455,174.25177334594565,-0.11976066896628568,0
24,00502,52,4586,16.30986761101525,-0.0035564473639370367,0
24,00502,53,1439,66.66647896073641,-0.04632833840217958,0
24,00502,54,5365,74.26003768800867,-0.013841572728426592,0
24,00502,55,25,3.9826518314716175,-0.1593060732588647,0
24,00502,56,3826,333.6260061868654,-0.0871996879735665,0
24,00502,61,5919,307.287010657483,-0.05191535912442693,0
24,00502,62,14633,757.0856876439647,-0.05173824148458721,0
24,00502,71,1359,358.2697422582553,-0.2636274777470606,0
24,00502,72,3974,722.7819707042598,-0.18187769771118767,0
24,00502,81,2994,240.53485728612634,-0.08033896368942095,0
24,00502,92,7659,271.07107045838853,-0.03539248863538171,0
24,00503,11,47,0,-0,0
24,00503,21,17,-1.8577864940086848,0.1092815584710991,0
24,00503,22,174,-7.330405362103424,0.04212876644887026,0
24,00503,23,2478,3.978976886380245,-0.0016057211002341587,0
24,00503,31,532,42.35789129395372,-0.07962009641720624,0
24,00503,32,932,11.629405048013009,-0.012477902412031125,0
24,00503,33,1539,68.92798906400527,-0.04478751726056223,0
24,00503,42,1197,16.986552168706567,-0.014190937484299554,0
24,00503,44,3570,60.32749831307416,-0.016898458911225253,0
24,00503,45,1876,8.271933349075969,-0.004409346134901902,0
24,00503,48,1402,163.17699253644201,-0.11638872506165622,0
24,00503,49,828,-75.87473554471407,0.09163615403950974,0
24,00503,51,1578,96.8209664548509,-0.06135675947709183,0
24,00503,52,4158,11.843705375638969,-0.002848413991255163,0
24,00503,53,1522,50.63868433117145,-0.033271146078299244,0
24,00503,54,6067,95.1198272990338,-0.015678230970666524,0
24,00503,55,33,5.257100417542535,-0.1593060732588647,0
24,00503,56,2071,172.53328335555418,-0.08330916627501408,0
24,00503,61,6782,380.5053614176217,-0.05610518452043965,0
24,00503,62,11982,650.575843103566,-0.054296097738571684,0
24,00503,71,1319,347.0508488821484,-0.2631166405474969,0
24,00503,72,3075,573.6308706874432,-0.18654662461380267,0
24,00503,81,2747,241.399753702831,-0.08787759508657844,0
24,00503,92,4391,157.0537111691324,-0.035767185417702664,0
24,00504,11,97,0,-0,0
24,00504,21,18,1.8424813447251274,-0.10236007470695152,0
24,00504,22,441,-12.174814190059115,0.02760728841283246,0
24,00504,23,2005,3.2194708059694883,-0.0016057211002341587,0
24,00504,31,511,33.422732322506754,-0.06540652117907388,0
24,00504,32,678,14.859969425578822,-0.021917359034777022,0
24,00504,33,1373,77.75212147421273,-0.056629367424772564,0
24,00504,42,1143,8.569152981152278,-0.007497071724542676,0
24,00504,44,4674,135.62931567545454,-0.0290178253477652,0
24,00504,45,1375,8.022351803617944,-0.005834437675358505,0
24,00504,48,1417,160.36815131103518,-0.11317441870926971,0
24,00504,49,638,-70.81767184587777,0.11099948565184603,0
24,00504,51,1342,81.27359184778138,-0.060561543850805796,0
24,00504,52,3325,10.41111394676654,-0.0031311620892530943,0
24,00504,53,1542,82.33122978670374,-0.05339249661913343,0
24,00504,54,5710,91.68957455784826,-0.016057718836751007,0
24,00504,55,45,7.1687732966489115,-0.1593060732588647,0
24,00504,56,1706,141.3105310405733,-0.08283149533445093,0
24,00504,61,8621,421.8559424274396,-0.048933527714585263,0
24,00504,62,9845,494.787173775495,-0.05025771191218842,0
24,00504,71,1438,400.6800619255865,-0.27863703889122843,0
24,00504,72,3824,681.9293184873826,-0.17832879667557078,0
24,00504,81,2767,219.95921756509088,-0.07949375408929919,0
24,00504,92,4550,153.520597788865,-0.03374079072282747,0
24,00505,11,110,0,-0,0
24,00505,22,284,-9.094615109139257,0.03202329263781428,0
24,00505,23,3736,5.998974030474817,-0.0016057211002341587,0
24,00505,31,637,38.92956231101342,-0.06111391257615922,0
24,00505,32,942,37.79924910985525,-0.04012659141173594,0
24,00505,33,1692,92.80083419246411,-0.05484682871895042,0
24,00505,42,1630,2.8449368093215543,-0.001745360005718745,0
24,00505,44,5223,-5.6619269944334505,0.0010840373337992438,0
24,00505,45,1806,-8.711685030941325,0.004823745864308597,0
24,00505,48,2402,254.1288150766594,-0.10579884058145687,0
24,00505,49,1016,-78.30992283771099,0.07707669570640845,0
24,00505,51,871,62.857113919213766,-0.07216660610701925,0
24,00505,52,2986,14.759452922407613,-0.004942884434831753,0
24,00505,53,1291,77.17598520180668,-0.0597800040292848,0
24,00505,54,4146,54.37230584907771,-0.0131144008319049,0
24,00505,55,62,9.876976542049611,-0.1593060732588647,0
24,00505,56,2158,127.71334914092589,-0.0591813480727182,0
24,00505,61,5976,298.51709467097317,-0.04995265975083219,0
24,00505,62,10893,498.77769716701846,-0.045788827427432156,0
24,00505,71,771,221.08876472729813,-0.28675585567742945,0
24,00505,72,3672,672.2557731673344,-0.1830761909497098,0
24,00505,81,2540,183.6056996422368,-0.07228570852056566,0
24,00505,92,4717,161.30887455807232,-0.034197344616932863,0
24,00506,11,128,0,-0,0
24,00506,21,76,-4.421789695718402,0.05818144336471582,0
24,00506,22,511,-45.602557499466194,0.0892417954979769,0
24,00506,23,5079,8.155457468089292,-0.0016057211002341587,0
24,00506,31,815,126.23067109938991,-0.15488425901765632,0
24,00506,32,1260,26.20953621163242,-0.020801219215581288,0
24,00506,33,1944,113.6352661527694,-0.05845435501685669,0
24,00506,42,1420,4.552328948039023,-0.0032058654563655096,0
24,00506,44,4633,-9.332173108031364,0.0020142829933156407,0
24,00506,45,1769,-88.76911827994661,0.05018039473145654,0
24,00506,48,2291,146.03485626867882,-0.06374284429012607,0
24,00506,49,757,-55.476753667765145,0.07328501145015211,0
24,00506,51,667,72.97094915165779,-0.10940172286605367,0
24,00506,52,1769,10.101588134940199,-0.005710338120373205,0
24,00506,53,888,64.87425073090199,-0.07305658866092567,0
24,00506,54,2502,37.69076677522661,-0.015064255305845965,0
24,00506,55,60,9.558364395531882,-0.1593060732588647,0
24,00506,56,2713,198.30115120701984,-0.07309294183819383,0
24,00506,61,3856,211.4961441184984,-0.05484858509297157,0
24,00506,62,7295,364.1768248256674,-0.049921429037103136,0
24,00506,71,813,208.56382060174278,-0.2565360647007906,0
24,00506,72,3981,733.2385154083925,-0.18418450525204533,0
24,00506,81,2768,201.18117123767306,-0.07268105897314778,0
24,00506,92,3313,115.57561460802862,-0.03488548584606961,0
24,00507,11,226,0,-0,0
24,00507,21,44,4.503843287105867,-0.10236007470695152,0
24,00507,22,313,-7.029751908134339,0.022459271271994694,0
24,00507,23,3432,5.510834816003633,-0.0016057211002341587,0
24,00507,31,646,38.55824718971376,-0.05968768914816372,0
24,00507,32,536,8.480035204045963,-0.01582096120157829,0
24,00507,33,1241,50.193018638540025,-0.04044562339930703,0
24,00507,42,1665,-4.701059642151807,0.00282345924453562,0
24,00507,44,4161,131.01170685705983,-0.031485630102633944,0
24,00507,45,1813,-55.673581147008036,0.03070798739492997,0
24,00507,48,1807,210.85975051831485,-0.11669050941799383,0
24,00507,49,1222,-103.68503220872877,0.08484863519535905,0
24,00507,51,984,74.7777250704865,-0.07599362303911229,0
24,00507,52,2393,10.432474274317183,-0.004359579721820803,0
24,00507,53,1335,63.075389195256264,-0.04724748254326312,0
24,00507,54,5167,57.33817496121362,-0.011096995347631821,0
24,00507,55,41,6.531549003613453,-0.1593060732588647,0
24,00507,56,2444,172.5979341506814,-0.07062108598636718,0
24,00507,61,6519,309.3142948179697,-0.047448120082523346,0
24,00507,62,8486,411.35286596032836,-0.04847429483388267,0
24,00507,71,952,256.03931035459584,-0.26894885541449143,0
24,00507,72,4011,742.5334660879415,-0.18512427476637783,0
24,00507,81,3238,257.1985433475817,-0.07943129813081584,0
24,00507,92,5007,175.4722686221741,-0.035045390178185365,0
24,00601,11,375,-3.666050277105075,0.0097761340722802,0
24,00601,21,101,-2.5717720784589844,0.02546308988573252,0
24,00601,22,523,-14.790423842784097,0.028279969106661754,0
24,00601,23,5636,9.049844120919719,-0.0016057211002341587,0
24,00601,31,788,53.08482798419234,-0.06736653297486338,0
24,00601,32,1220,29.471944256490808,-0.024157331357779352,0
24,00601,33,2538,140.24640872402273,-0.05525863227896877,0
24,00601,42,1729,-0.115101120263426,6.657091975906651e-5,0
24,00601,44,6048,-24.597104895285156,0.004066981629511434,0
24,00601,45,2001,-58.11360736237847,0.029042282539919275,0
24,00601,48,1612,155.846504570937,-0.0966789730588939,0
24,00601,49,865,-65.0116940299005,0.07515802778023178,0
24,00601,51,1118,95.14430384267732,-0.08510223957305664,0
24,00601,52,4095,15.195451521545854,-0.0037107329722944698,0
24,00601,53,1023,53.763602038421205,-0.05255484070226902,0
24,00601,54,6746,78.14075432549507,-0.011583272209530843,0
24,00601,55,38,6.053630783836859,-0.1593060732588647,0
24,00601,56,2131,158.1559081864277,-0.07421675653985345,0
24,00601,61,7053,365.84054440965707,-0.0518702033758198,0
24,00601,62,9869,495.91645966454865,-0.050249919917372446,0
24,00601,71,1369,346.63274997742616,-0.25320142438088106,0
24,00601,72,2950,518.5545210165901,-0.17578119356494581,0
24,00601,81,3276,261.3149006074854,-0.0797664531768881,0
24,00601,92,6451,217.77739808419634,-0.03375870377990952,0
24,00602,11,122,0,-0,0
24,00602,21,43,-3.7853167205901723,0.08803062140907378,0
24,00602,22,473,-16.86613217543751,0.03565778472608353,0
24,00602,23,3802,6.104951623090272,-0.0016057211002341587,0
24,00602,31,683,34.58968166153815,-0.050643750602544876,0
24,00602,32,1006,8.821520943737832,-0.00876890749874536,0
24,00602,33,1584,85.87064830250107,-0.054211267867740574,0
24,00602,42,1498,0.998789551917707,-6.667486995445307e-4,0
24,00602,44,5249,-27.58925861382127,0.0052560980403545945,0
24,00602,45,2426,-41.09225185969944,0.01693827364373431,0
24,00602,48,1364,116.39083134466404,-0.08533052151368331,0
24,00602,49,698,-31.587887185309164,0.04525485270101599,0
24,00602,51,927,103.76919137761132,-0.11194087527250413,0
24,00602,52,2284,11.846729998142903,-0.005186834500062567,0
24,00602,53,871,46.997823325979525,-0.05395846535703734,0
24,00602,54,6187,61.801248367858335,-0.009988887727146975,0
24,00602,55,15,2.3895910988829705,-0.1593060732588647,0
24,00602,56,1337,109.26600288724254,-0.08172475907796749,0
24,00602,61,4339,212.5246804720709,-0.04898010612400805,0
24,00602,62,8790,505.40095736054127,-0.05749726477366795,0
24,00602,71,651,194.57454444937036,-0.29888562895448595,0
24,00602,72,4038,722.6604305412194,-0.1789649406986675,0
24,00602,81,3133,239.16049579528476,-0.07633593865154317,0
24,00602,92,8347,226.08081458126526,-0.027085277894005663,0
24,00700,11,651,-1.5275209487937813,0.002346422348377544,0
24,00700,21,98,-9.910026223209009,0.10112271656335724,0
24,00700,22,571,-38.939553076416104,0.06819536440703346,0
24,00700,23,4386,7.04269274562702,-0.0016057211002341587,0
24,00700,31,286,12.222386623800272,-0.04273561756573522,0
24,00700,32,1669,20.65130376853135,-0.012373459417933703,0
24,00700,33,2891,145.1123064223099,-0.05019450239443442,0
24,00700,42,1283,-0.3858582569576181,3.007468877300219e-4,0
24,00700,44,3640,-21.943116674572753,0.006028328756750756,0
24,00700,45,1731,-38.01871717187352,0.021963441462665233,0
24,00700,48,1744,118.98423491427219,-0.0682249053407524,0
24,00700,49,852,-75.54124842378742,0.0886634371171214,0
24,00700,51,672,43.64298070349842,-0.06494491176115835,0
24,00700,52,2660,25.493218251316392,-0.00958391663583323,0
24,00700,53,902,53.24034372556643,-0.0590247713143752,0
24,00700,54,3165,18.36555781363952,-0.005802703890565409,0
24,00700,55,74,11.788649421155988,-0.1593060732588647,0
24,00700,56,1682,140.63895836777868,-0.083614125070023,0
24,00700,61,4783,225.04274833704167,-0.04705054324420691,0
24,00700,62,6671,409.33927331077155,-0.06136100634249311,0
24,00700,71,1119,294.9273145899245,-0.2635632838158396,0
24,00700,72,3114,551.236290726189,-0.17701871892298943,0
24,00700,81,2354,113.00083827820445,-0.04800375457867649,0
24,00700,92,3223,111.14805579063874,-0.034485900028122476,0
24,00801,11,73,0,-0,0
24,00801,21,116,11.873768666006377,-0.10236007470695153,0
24,00801,22,444,-11.026069696777375,0.024833490308057152,0
24,00801,23,2005,3.2194708059694883,-0.0016057211002341587,0
24,00801,31,789,18.681717634852507,-0.023677715633526625,0
24,00801,32,567,13.741692180358923,-0.0242357886778817,0
24,00801,33,969,66.51920104086143,-0.06864726629603864,0
24,00801,42,628,9.0887130948732,-0.01447247308100828,0
24,00801,44,3473,43.796094966756364,-0.012610450609489307,0
24,00801,45,1835,-73.059432250386,0.03981440449612316,0
24,00801,48,1703,195.4713017446454,-0.11478056473555219,0
24,00801,49,1064,-89.56947195983108,0.08418183454871342,0
24,00801,51,829,52.60363983162853,-0.06345433031559533,0
24,00801,52,1326,6.627140739669685,-0.004997843695075177,0
24,00801,53,1285,65.57199882954589,-0.051028792863459835,0
24,00801,54,2548,42.14551683046488,-0.016540626699554504,0
24,00801,55,0,0,0,0
24,00801,56,2850,232.14635580130818,-0.08145486168466953,0
24,00801,61,6201,314.511325814116,-0.050719452638947914,0
24,00801,62,11513,628.9509023236706,-0.054629627579577046,0
24,00801,71,861,270.687761019885,-0.31438764346095815,0
24,00801,72,4048,773.8056310893718,-0.1911575175616037,0
24,00801,81,3048,252.96531413215882,-0.08299386946593137,0
24,00801,92,4480,160.57139603715316,-0.03584182947257883,0
24,00802,11,93,0,-0,0
24,00802,21,0,0,0,0
24,00802,22,292,-11.077338311828031,0.037936090109000106,0
24,00802,23,1555,2.4968963108641167,-0.0016057211002341587,0
24,00802,31,538,26.526021754498547,-0.049304873149625554,0
24,00802,32,474,3.441773641338895,-0.007261125825609483,0
24,00802,33,697,42.081068490575625,-0.0603745602447283,0
24,00802,42,881,0.3506914896843889,-3.980607147382394e-4,0
24,00802,44,2754,69.43256054385132,-0.025211532514107234,0
24,00802,45,1656,22.898108594850616,-0.013827360262590951,0
24,00802,48,1397,204.05274830490814,-0.14606495941654127,0
24,00802,49,837,-72.65114003689725,0.08679945046224283,0
24,00802,51,1345,249.048101234045,-0.18516587452345354,0
24,00802,52,1974,9.889515648034495,-0.005009886346522034,0
24,00802,53,835,38.41800322933478,-0.046009584705790155,0
24,00802,54,4761,80.42146577214378,-0.016891717238425495,0
24,00802,55,22,3.5047336116950234,-0.1593060732588647,0
24,00802,56,2177,215.92479524612708,-0.099184563732718,0
24,00802,61,10436,607.4040912433393,-0.05820276842117088,0
24,00802,62,7899,383.5210599134339,-0.04855311557329205,0
24,00802,71,1247,360.43550009452775,-0.28904210111830614,0
24,00802,72,3483,651.824542628501,-0.18714457152698852,0
24,00802,81,2640,258.7775583499368,-0.09802180240527908,0
24,00802,92,3666,127.8453913593942,-0.0348732655099275,0
24,00803,11,90,0,-0,0
24,00803,21,15,-0.7825449767535902,0.05216966511690602,0
24,00803,22,484,-10.072191633084945,0.02081031329149782,0
24,00803,23,2696,4.329024086231292,-0.0016057211002341587,0
24,00803,31,923,41.56507353020944,-0.04503258237292464,0
24,00803,32,659,12.744179799438458,-0.01933866433905684,0
24,00803,33,856,56.403506774532175,-0.06589194716650955,0
24,00803,42,930,8.576456381845514,-0.009221996109511306,0
24,00803,44,3763,74.38154052382328,-0.01976655342115952,0
24,00803,45,1908,-81.38443020492024,0.04265431352459132,0
24,00803,48,2221,198.0268991795025,-0.08916114325956888,0
24,00803,49,1720,-181.59448866264137,0.10557819108293102,0
24,00803,51,885,42.34154080472106,-0.047843548931888205,0
24,00803,52,1869,11.400435515328986,-0.006099751479576772,0
24,00803,53,1128,61.139483716227815,-0.054201669961194875,0
24,00803,54,2574,36.33228889663681,-0.014115108351451753,0
24,00803,55,45,7.1687732966489115,-0.1593060732588647,0
24,00803,56,2403,225.71932161733722,-0.09393230196310329,0
24,00803,61,6006,319.1750630478546,-0.05314270114016893,0
24,00803,62,13575,698.0575509544975,-0.05142228736313057,0
24,00803,71,1109,339.8812434588683,-0.3064754224155711,0
24,00803,72,3805,688.3868515467581,-0.18091638674027807,0
24,00803,81,2501,266.3597697950828,-0.10650130739507509,0
24,00803,92,5118,170.49188246469058,-0.033312208375281475,0
24,00804,11,101,0,-0,0
24,00804,21,33,-0.4316669318755111,0.01308081611743973,0
24,00804,22,470,-14.61460033635845,0.031094894332677554,0
24,00804,23,3511,5.637686782922131,-0.0016057211002341587,0
24,00804,31,1072,147.06530250693794,-0.13718778218930777,0
24,00804,32,753,16.467473941531917,-0.0218691553008392,0
24,00804,33,1344,68.53766697263967,-0.050995287926071185,0
24,00804,42,986,4.4010901616102505,-0.004463580285608774,0
24,00804,44,3248,120.87352886372427,-0.03721475642356043,0
24,00804,45,1763,1.8728890691577327,-0.0010623307255574208,0
24,00804,48,1420,179.73175735553346,-0.1265716601095306,0
24,00804,49,737,-61.44195394928086,0.0833676444359306,0
24,00804,51,1141,91.67732058649001,-0.08034822137290974,0
24,00804,52,2976,12.90610740886562,-0.004336729640075813,0
24,00804,53,1599,72.90554689314578,-0.04559446334780849,0
24,00804,54,7202,116.51954133283846,-0.016178775525248327,0
24,00804,55,37,5.894324710577994,-0.1593060732588647,0
24,00804,56,2513,226.72229009268466,-0.09021977321634884,0
24,00804,61,7772,437.5253796266508,-0.05629508229884853,0
24,00804,62,12334,520.6165301704145,-0.04220986948033197,0
24,00804,71,1350,381.7642163292697,-0.2827883083920516,0
24,00804,72,4226,808.4634654014308,-0.19130701973531253,0
24,00804,81,3299,326.8542435877691,-0.0990767637428824,0
24,00804,92,4617,154.61095218368294,-0.03348731907812063,0
24,00805,11,41,0,-0,0
24,00805,21,18,-1.566448608119634,0.08702492267331301,0
24,00805,22,433,-5.6908816445939925,0.013142913728854486,0
24,00805,23,2898,4.653379748478592,-0.0016057211002341587,0
24,00805,31,781,47.87636493109451,-0.061301363548136374,0
24,00805,32,762,26.71299558235939,-0.035056424648765606,0
24,00805,33,915,49.477259359184835,-0.05407350749637687,0
24,00805,42,1236,10.383476185485092,-0.008400870700230658,0
24,00805,44,4101,51.505927937792954,-0.012559358190147026,0
24,00805,45,2371,-116.27381251777503,0.049039988409015196,0
24,00805,48,2827,341.89723938473713,-0.12093995025989994,0
24,00805,49,1286,-99.6932551405171,0.07752197133788266,0
24,00805,51,893,113.73067472785705,-0.1273579784186529,0
24,00805,52,1655,8.469605745256265,-0.0051175865530249335,0
24,00805,53,818,51.520292767587165,-0.06298324299216035,0
24,00805,54,3485,62.1872974668579,-0.01784427473941403,0
24,00805,55,35,5.5757125640602645,-0.1593060732588647,0
24,00805,56,3390,351.90867875728395,-0.10380786983990677,0
24,00805,61,4250,261.3956129986666,-0.061504850117333316,0
24,00805,62,9261,476.0891755459702,-0.051407966261307655,0
24,00805,71,949,280.40733701244085,-0.29547664595620743,0
24,00805,72,3725,721.1965821110067,-0.1936098207009414,0
24,00805,81,2716,287.6475871291911,-0.10590853723460644,0
24,00805,92,4416,153.36108827648994,-0.03472850730898776,0
24,00901,11,454,0,-0,0
24,00901,21,65,-7.753619536438511,0.11928645440674632,0
24,00901,22,353,-40.28091522627184,0.11411024143419785,0
24,00901,23,3150,5.0580214657376,-0.0016057211002341587,0
24,00901,31,262,15.010211427414164,-0.057290883310741086,0
24,00901,32,864,13.151219244078025,-0.01522131856953475,0
24,00901,33,2011,86.59873311248523,-0.0430625226814944,0
24,00901,42,1491,-8.607354645642674,0.005772873672463229,0
24,00901,44,4551,77.22376370465543,-0.016968526412800576,0
24,00901,45,1392,-31.791969529332057,0.022839058569922455,0
24,00901,48,1189,158.17852493168846,-0.13303492424868668,0
24,00901,49,501,-51.53302853451407,0.10286033639623567,0
24,00901,51,1423,95.32388986203082,-0.06698797600986003,0
24,00901,52,3443,17.55443651602626,-0.005098587428413088,0
24,00901,53,1802,64.42410744792453,-0.035751446974430924,0
24,00901,54,14339,169.68386053809957,-0.011833730423188476,0
24,00901,55,62,9.876976542049611,-0.1593060732588647,0
24,00901,56,1919,184.02222704309887,-0.09589485515534073,0
24,00901,61,8774,486.8522088307154,-0.05548805662533798,0
24,00901,62,9499,462.0585187587532,-0.04864285911767062,0
24,00901,71,1405,401.05652576947386,-0.28544948453343333,0
24,00901,72,3264,591.6694557672189,-0.18127127934044696,0
24,00901,81,2741,211.98765478082362,-0.07733953111303306,0
24,00901,92,8865,291.6261086925014,-0.03289634615820659,0
24,00902,11,107,0,-0,0
24,00902,21,15,1.5354011206042728,-0.10236007470695152,0
24,00902,22,473,-161.61097312586972,0.3416722476234032,0
24,00902,23,4543,7.294790958363783,-0.0016057211002341587,0
24,00902,31,360,13.069683116522489,-0.03630467532367358,0
24,00902,32,1166,16.593046238316084,-0.014230742914507792,0
24,00902,33,2943,145.70367106792057,-0.0495085528603196,0
24,00902,42,1907,-0.8641640684970362,4.5315368038648985e-4,0
24,00902,44,5498,86.72952263738169,-0.015774740385118533,0
24,00902,45,2235,0.19443395552476284,-8.699505840034132e-5,0
24,00902,48,2074,185.39424071653545,-0.08938970140623696,0
24,00902,49,900,-118.64986043984952,0.13183317826649946,0
24,00902,51,2321,235.1919007006272,-0.1013321416202616,0
24,00902,52,3745,17.69651758716514,-0.0047253718523805445,0
24,00902,53,1323,79.36943000707085,-0.059992010587355135,0
24,00902,54,15041,167.76476025596241,-0.011153830214477922,0
24,00902,55,170,27.082032454007,-0.1593060732588647,0
24,00902,56,3296,342.1895377076292,-0.10381964129479042,0
24,00902,61,11339,619.8530090730014,-0.05466557977537714,0
24,00902,62,13022,748.7992118363144,-0.05750262723362881,0
24,00902,71,2334,656.0122732855333,-0.28106781203321907,0
24,00902,72,5459,993.231301087243,-0.18194381774816687,0
24,00902,81,5521,490.9075814126558,-0.08891642481663753,0
24,00902,92,11927,365.64772763676575,-0.03065714158101499,0
24,01001,11,658,-2.8513724377483918,0.00433339276253555,0
24,01001,22,139,-4.01922997443453,0.02891532355708295,0
24,01001,23,4128,6.628416701766607,-0.0016057211002341587,0
24,01001,31,148,5.966001131186426,-0.04031081845396234,0
24,01001,32,945,-4.921737075965609,0.00520818738197419,0
24,01001,33,1606,44.53633334799721,-0.027731216281442844,0
24,01001,42,1391,-5.399928491264001,0.003882047801052481,0
24,01001,44,4149,26.807872589325182,-0.006461285270987029,0
24,01001,45,1304,-7.2113190833949705,0.005530152671315161,0
24,01001,48,1023,177.2774723670872,-0.17329176184466002,0
24,01001,49,591,-33.428984523819715,0.056563425590219485,0
24,01001,51,1863,145.2618200094755,-0.07797199141678772,0
24,01001,52,3798,16.040767145279172,-0.004223477394754916,0
24,01001,53,2006,98.16563459108082,-0.048936009267737196,0
24,01001,54,14150,121.44068443746811,-0.00858238052561612,0
24,01001,55,106,16.886443765439658,-0.1593060732588647,0
24,01001,56,2611,245.81146260803231,-0.09414456629951448,0
24,01001,61,6911,371.3731386367001,-0.05373652707809291,0
24,01001,62,9096,600.8180957833533,-0.06605300085568969,0
24,01001,71,1744,471.06413534184486,-0.27010558219142483,0
24,01001,72,4347,830.6817025002249,-0.19109309926391188,0
24,01001,81,4011,343.8734783919304,-0.08573260493441297,0
24,01001,92,8649,296.7216202874052,-0.03430704362208408,0
24,01002,11,39,0,-0,0
24,01002,21,18,-1.967068052479784,0.1092815584710991,0
24,01002,22,435,-16.66692120921014,0.03831476140048308,0
24,01002,23,4865,7.811833152639182,-0.0016057211002341587,0
24,01002,31,364,19.81538720344165,-0.054437876932532,0
24,01002,32,699,-4.95143604867384,0.007083599497387468,0
24,01002,33,1566,51.942331076261034,-0.033168793790715856,0
24,01002,42,840,4.341010452973271,-0.005167869586872942,0
24,01002,44,5481,81.69181723003774,-0.014904546110205755,0
24,01002,45,2553,-77.98111492064993,0.030544894210987047,0
24,01002,48,1769,294.50749353950096,-0.16648247232306443,0
24,01002,49,980,-103.42675709861156,0.10553750724348118,0
24,01002,51,1704,121.78754042854771,-0.07147156128435898,0
24,01002,52,3165,19.00047123570537,-0.006003308447300275,0
24,01002,53,1514,92.91245787313186,-0.061368862531791184,0
24,01002,54,11500,84.58156029700017,-0.0073549182866956666,0
24,01002,55,100,15.93060732588647,-0.1593060732588647,0
24,01002,56,4054,291.7231217950664,-0.07195932950050972,0
24,01002,61,6369,373.2259816735817,-0.058600405349910775,0
24,01002,62,8896,625.1610349349281,-0.07027439691264929,0
24,01002,71,1226,316.76709367161556,-0.25837446465874025,0
24,01002,72,6285,1197.0035258234313,-0.19045402161072894,0
24,01002,81,4535,386.2273996446839,-0.08516590951371199,0
24,01002,92,7259,229.63934295256348,-0.031635120946764496,0
24,01003,11,229,-1.222016759035025,0.005336317725043778,0
24,01003,21,16,-2.268759524191241,0.14179747026195255,0
24,01003,22,189,-6.027581832155943,0.03189196736590446,0
24,01003,23,5867,9.42076569507381,-0.0016057211002341587,0
24,01003,31,336,20.92873194476146,-0.06228789269274244,0
24,01003,32,1482,-19.52130609304479,0.013172271317843987,0
24,01003,33,1600,66.22140410162062,-0.041388377563512886,0
24,01003,42,1232,13.895529207792338,-0.011278838642688586,0
24,01003,44,5070,112.29558557333073,-0.022149030685075094,0
24,01003,45,2392,-10.934305356772025,0.004571197891627101,0
24,01003,48,1261,179.6585160168761,-0.14247304997373203,0
24,01003,49,1083,-53.60434164106402,0.04949616033339244,0
24,01003,51,2163,200.77768622995546,-0.09282371069346068,0
24,01003,52,4251,29.76772427252491,-0.007002522764649473,0
24,01003,53,2375,111.36134366790115,-0.04688898680753733,0
24,01003,54,20112,142.41628801778924,-0.007081159905419115,0
24,01003,55,223,35.52525433672683,-0.15930607325886473,0
24,01003,56,6044,425.82214905420074,-0.07045369772571157,0
24,01003,61,8814,538.1746180233044,-0.0610590671685165,0
24,01003,62,10651,719.6262559662348,-0.06756419641031215,0
24,01003,71,1917,527.3004902065526,-0.27506546176658975,0
24,01003,72,7099,1347.899420007093,-0.18987173123074985,0
24,01003,81,7404,664.658473156636,-0.0897701881627007,0
24,01003,92,11736,388.19126823902513,-0.033076965596372285,0
24,01004,11,108,0,-0,0
24,01004,21,35,1.0429030166066957,-0.029797229045905593,0
24,01004,22,193,-7.998909790859326,0.04144512845004832,0
24,01004,23,2475,3.9741597230795427,-0.0016057211002341587,0
24,01004,31,168,12.172515168904754,-0.07245544743395686,0
24,01004,32,624,-7.658897463948233,0.012273874140942682,0
24,01004,33,991,33.118835451588325,-0.033419611959221315,0
24,01004,42,905,1.4743794750383765,-0.0016291485912026259,0
24,01004,44,3126,148.89864649249134,-0.04763232453374643,0
24,01004,45,1210,58.47332417051205,-0.048325061297943846,0
24,01004,48,855,75.26462966049013,-0.0880288066204563,0
24,01004,49,181,-12.25997691031387,0.06773467906250757,0
24,01004,51,3265,346.8633218249468,-0.10623685201376624,0
24,01004,52,6436,32.849802493312495,-0.005104071238861482,0
24,01004,53,2700,110.9917635002402,-0.04110806055564452,0
24,01004,54,24644,270.752878833915,-0.010986563822184508,0
24,01004,55,245,39.02998794842185,-0.15930607325886467,0
24,01004,56,2216,244.39516609238078,-0.11028662729800577,0
24,01004,61,9300,653.53291175346,-0.07027235610252258,0
24,01004,62,11207,712.1960674757279,-0.06354921633583724,0
24,01004,71,2171,607.8559925337905,-0.2799889417474853,0
24,01004,72,3930,764.393906145426,-0.19450226619476488,0
24,01004,81,6159,626.836276508156,-0.10177565781915181,0
24,01004,92,15854,493.39736419212136,-0.031121317282207732,0
24,01005,11,83,0,-0,0
24,01005,22,244,-6.300349151788649,0.02582110308110102,0
24,01005,23,6753,10.843434589881273,-0.0016057211002341585,0
24,01005,31,366,180.5036748007171,-0.4931794393462216,0
24,01005,32,377,18.325966682476192,-0.0486099912002021,0
24,01005,33,879,27.151924217869304,-0.0308895611124793,0
24,01005,42,796,10.325095603941204,-0.012971225633091965,0
24,01005,44,5201,50.012206904481,-0.009615882888767736,0
24,01005,45,1509,-11.114385680579328,0.007365398065327587,0
24,01005,48,1971,295.9086296641015,-0.15013121748559183,0
24,01005,49,533,-56.89803139470549,0.10675052794503845,0
24,01005,51,1560,141.21625553695765,-0.09052324072881901,0
24,01005,52,1778,15.46933450766131,-0.008700413108920871,0
24,01005,53,1927,70.13147582109194,-0.0363941234152008,0
24,01005,54,9054,107.15115217550819,-0.011834675521924916,0
24,01005,56,4720,330.14097966817945,-0.06994512281105497,0
24,01005,61,6649,336.63187348560473,-0.0506289477343367,0
24,01005,62,9663,689.3396444770233,-0.07133805696750732,0
24,01005,71,1367,359.9963059368336,-0.26334770002694485,0
24,01005,72,6185,1189.8259525026335,-0.19237282983066023,0
24,01005,81,5646,533.9463702793578,-0.09457073508313103,0
24,01005,92,7996,264.1395683828973,-0.033033963029376855,0
24,01006,11,87,0,-0,0
24,01006,21,0,0,0,0
24,01006,22,154,-4.72624374898138,0.030689894473905067,0
24,01006,23,3251,5.22019929686125,-0.0016057211002341587,0
24,01006,31,455,30.625055782173547,-0.06730781490587592,0
24,01006,32,221,1.888873285848859,-0.008546937945017461,0
24,01006,33,834,43.89542102672518,-0.05263239931262012,0
24,01006,42,595,8.05895851869639,-0.013544468098649395,0
24,01006,44,4202,17.43539551774833,-0.004149308785756385,0
24,01006,45,2289,16.76891926137012,-0.007325871236946317,0
24,01006,48,1746,301.94701281334227,-0.17293643345552248,0
24,01006,49,699,-75.98365598781135,0.10870337051189034,0
24,01006,51,1509,130.12602116040117,-0.08623328108707831,0
24,01006,52,2022,12.223749480003505,-0.006045375608310339,0
24,01006,53,1118,56.07935992108834,-0.05016042926752088,0
24,01006,54,8253,108.15476373768107,-0.013104902912599184,0
24,01006,55,134,21.34701381668787,-0.1593060732588647,0
24,01006,56,3191,267.89747204816916,-0.08395408086749269,0
24,01006,61,6390,344.35067227589695,-0.0538889940963845,0
24,01006,62,11150,658.8193094554297,-0.059086933583446605,0
24,01006,71,1022,303.4120160519388,-0.29688064192949,0
24,01006,72,3466,672.3961064556718,-0.19399772257809342,0
24,01006,81,5119,473.27192579814846,-0.09245398042550272,0
24,01006,92,6546,229.1579149781475,-0.03500731973390582,0
24,01007,11,50,0,-0,0
24,01007,22,153,-6.053194770377392,0.039563364512270535,0
24,01007,23,5031,8.078382855278052,-0.0016057211002341587,0
24,01007,31,426,199.24788626312557,-0.4677180428711868,0
24,01007,32,445,8.430560881109962,-0.01894508063170778,0
24,01007,33,578,19.884897165760655,-0.03440293627294231,0
24,01007,42,567,2.1996160725583844,-0.0038793934260288967,0
24,01007,44,3051,-67.7690203887726,0.02221206830179371,0
24,01007,45,1299,101.4114221140393,-0.07806883919479546,0
24,01007,48,1904,447.55157348860337,-0.2350585995213253,0
24,01007,49,371,-13.790054092648127,0.037169957123040775,0
24,01007,51,2134,248.87447478671766,-0.11662346522339159,0
24,01007,52,1753,9.052784442797005,-0.005164166824185399,0
24,01007,53,1489,64.60146655788294,-0.043385806956267925,0
24,01007,54,9788,137.93061665197055,-0.014091807994684364,0
24,01007,55,84,13.381710153744635,-0.1593060732588647,0
24,01007,56,2719,231.5236213674612,-0.08515028369527812,0
24,01007,61,7774,558.0638813242506,-0.07178593791153211,0
24,01007,62,7998,570.1712993263628,-0.07128923472447647,0
24,01007,71,1719,478.0678657512238,-0.27810812434626164,0
24,01007,72,4762,958.0988759874037,-0.20119674002255433,0
24,01007,81,6110,688.6476719252967,-0.11270829327746262,0
24,01007,92,8102,279.4651008881266,-0.03449334743126717,0
24,01101,11,88,0,-0,0
24,01101,22,128,-3.961349853693923,0.030948045731983773,0
24,01101,23,11031,17.712709456683005,-0.0016057211002341587,0
24,01101,31,409,22.03870561051195,-0.05388436579587274,0
24,01101,32,397,13.649316602900148,-0.034381150133249744,0
24,01101,33,322,16.550844632657345,-0.0514001386107371,0
24,01101,42,951,8.510557232847729,-0.008949061233278368,0
24,01101,44,3828,28.09010133796134,-0.007338062000512366,0
24,01101,45,1184,35.88500315109374,-0.030308279688423766,0
24,01101,48,1540,273.02647761730333,-0.17728992053071646,0
24,01101,49,870,-108.42374988745574,0.12462499987063878,0
24,01101,51,837,65.79639754253502,-0.07860979395762846,0
24,01101,52,970,5.764530334247717,-0.0059428147775749665,0
24,01101,53,1078,32.46005574071197,-0.030111368961699417,0
24,01101,54,3748,43.47031334981044,-0.011598269303578025,0
24,01101,56,5871,296.0747395826025,-0.05043003569793945,0
24,01101,61,7850,427.8400023132648,-0.05450191112270889,0
24,01101,62,6795,458.0819883906288,-0.06741456782790711,0
24,01101,71,797,223.82061446955163,-0.2808288763733396,0
24,01101,72,6125,1161.3914925935924,-0.1896149375663008,0
24,01101,81,3912,326.0163999208419,-0.0833375255421375,0
24,01101,92,3261,113.9849745129222,-0.03495399402420184,0
24,01102,11,34,0,-0,0
24,01102,21,0,0,0,0
24,01102,22,551,-9.081701914270175,0.0164822176302544,0
24,01102,23,5879,9.440034348276619,-0.0016057211002341587,0
24,01102,31,136,4.4830137426031,-0.03296333634266985,0
24,01102,32,469,6.249309851976651,-0.013324754481826549,0
24,01102,33,944,50.796846133765705,-0.05381021836203994,0
24,01102,42,1228,-2.722858833113403,0.002217311753349677,0
24,01102,44,4187,79.96824977205118,-0.019099175966575396,0
24,01102,45,1835,-18.329816248401272,0.009989000680327669,0
24,01102,48,2158,365.28497480855674,-0.16927014587977607,0
24,01102,49,1378,-149.80482146215797,0.1087117717432206,0
24,01102,51,1888,144.25981046838984,-0.07640879791757936,0
24,01102,52,2258,16.91272081269465,-0.0074901332208567985,0
24,01102,53,1485,77.40448477272962,-0.052124232170188294,0
24,01102,54,7821,95.3511384425649,-0.012191681171533679,0
24,01102,55,87,13.859628373521229,-0.1593060732588647,0
24,01102,56,4333,359.98640444134236,-0.08308017642311155,0
24,01102,61,7943,465.372668436234,-0.05858903039610147,0
24,01102,62,12051,665.0812224802944,-0.05518888245625213,0
24,01102,71,1252,327.3713353466292,-0.2614787023535377,0
24,01102,72,4829,916.0871471400073,-0.18970535248291723,0
24,01102,81,3827,300.96401428145356,-0.07864228227892699,0
24,01102,92,8425,292.84470305505624,-0.034759015199413205,0
24,01103,11,171,0,-0,0
24,01103,22,198,-8.1090939700075,0.040955020050542926,0
24,01103,23,8017,12.87306606057725,-0.0016057211002341587,0
24,01103,31,345,23.13963715004157,-0.06707141202910599,0
24,01103,32,500,32.75302247203486,-0.06550604494406971,0
24,01103,33,462,23.422870990395765,-0.05069885495756659,0
24,01103,42,953,8.77029313637593,-0.009202825956323116,0
24,01103,44,4451,124.50240993083713,-0.027971783853254804,0
24,01103,45,1737,7.350227412438832,-0.004231564428577335,0
24,01103,48,2216,328.74461193011695,-0.14835045664716467,0
24,01103,49,860,-58.669384349190764,0.06822021435952415,0
24,01103,51,1042,88.56849412537852,-0.08499855482282008,0
24,01103,52,1209,5.2763683366141265,-0.004364241800342537,0
24,01103,53,1145,50.459055673300725,-0.04406904425615784,0
24,01103,54,3534,60.07544977175219,-0.01699927837344431,0
24,01103,55,14,2.230285025624106,-0.1593060732588647,0
24,01103,56,4036,276.6845986433465,-0.06855416220102738,0
24,01103,61,5193,268.31441572032776,-0.05166847982290155,0
24,01103,62,7958,495.0782929710722,-0.06221139645276102,0
24,01103,71,1249,333.2255384188936,-0.26679386582777714,0
24,01103,72,5095,994.491988471006,-0.19518979165279804,0
24,01103,81,4505,363.0307272183734,-0.0805839572071861,0
24,01103,92,4337,152.3869020029364,-0.0351364772891253,0
24,01104,11,24,0,-0,0
24,01104,22,366,-18.928550846828585,0.05171735204051526,0
24,01104,23,3723,5.978099656171773,-0.0016057211002341587,0
24,01104,31,403,24.69739905153666,-0.06128386861423489,0
24,01104,32,525,34.47292130002812,-0.065662707238148793,0
24,01104,33,348,20.39449279641277,-0.05860486435750796,0
24,01104,42,745,5.115593688926621,-0.006866568709968619,0
24,01104,44,4683,-26.89174799391906,0.005742418960905202,0
24,01104,45,1913,-57.92278915411612,0.030278509751236863,0
24,01104,48,3088,486.8401774500272,-0.15765549787889482,0
24,01104,49,1830,-86.21460443087815,0.047111805699933416,0
24,01104,51,1435,181.11034124248803,-0.1262092970330927,0
24,01104,52,1348,7.2828464911778115,-0.005402705112149712,0
24,01104,53,1760,105.21565090804873,-0.059781619834118595,0
24,01104,54,3129,40.76473666975162,-0.013028039843321067,0
24,01104,55,29,4.619876124507076,-0.1593060732588647,0
24,01104,56,3964,320.80693768491824,-0.080930105369555555,0
24,01104,61,5178,241.9598579931344,-0.04672843916437512,0
24,01104,62,7942,521.852574936262,-0.06570795453742911,0
24,01104,71,1471,394.60498898931286,-0.2682562807541216,0
24,01104,72,4015,784.0390823578668,-0.19527748003931927,0
24,01104,81,3017,277.78222000694325,-0.09207233013156886,0
24,01104,92,8428,297.4862701654374,-0.03529737424839077,0
24,01105,11,159,-1.934859868472123,0.01216892999039071,0
24,01105,21,37,-4.043417663430667,0.1092815584710991,0
24,01105,22,669,-19.700730039981476,0.02944802696559264,0
24,01105,23,3788,6.082471527686993,-0.0016057211002341585,0
24,01105,31,538,27.38288403413223,-0.05089755396678853,0
24,01105,32,551,33.639302517398974,-0.061051365730306666,0
24,01105,33,1348,63.11153015579336,-0.04681864254880813,0
24,01105,42,938,0.6213888101664136,-6.624614180878609e-4,0
24,01105,44,5235,57.693025399550336,-0.011020635224364916,0
24,01105,45,2036,-27.043068782841843,0.013282450286268095,0
24,01105,48,3491,614.045566731739,-0.17589388906666828,0
24,01105,49,2090,-145.98944226943763,0.06985140778441992,0
24,01105,51,2884,340.37028641280523,-0.11802021026796297,0
24,01105,52,2752,16.88833396412374,-0.006136749260219382,0
24,01105,53,2590,103.4357988292404,-0.03993660186457158,0
24,01105,54,10867,119.56138827480308,-0.011002244250925101,0
24,01105,55,69,10.992119054861664,-0.1593060732588647,0
24,01105,56,4584,414.21125564112236,-0.09036022156219947,0
24,01105,61,10714,568.5286830126471,-0.053064092123637024,0
24,01105,62,12954,765.604447331169,-0.05910177916714289,0
24,01105,71,2077,583.4614609617028,-0.28091548433399266,0
24,01105,72,4728,889.6778187507202,-0.18817212748534692,0
24,01105,81,6372,493.03680360734614,-0.07737551845689676,0
24,01105,92,17965,617.5682488629947,-0.03437618975023628,0
24,01106,11,67,0,-0,0
24,01106,21,0,0,0,0
24,01106,22,562,-13.396035848328012,0.02383636271944486,0
24,01106,23,3873,6.218957821206897,-0.0016057211002341587,0
24,01106,31,199,123.48210873445564,-0.62051310921837,0
24,01106,32,337,15.952957622433988,-0.0473381531822967,0
24,01106,33,685,31.93266707415826,-0.04661703222504855,0
24,01106,42,497,0.27705589590498547,-5.574565309959467e-4,0
24,01106,44,4021,116.47520511610519,-0.028966725967695894,0
24,01106,45,1509,-51.775080204137964,0.03431085500605564,0
24,01106,48,3148,603.5019943688069,-0.19170965513621566,0
24,01106,49,1379,-49.47521365087226,0.03587760235741281,0
24,01106,51,1077,49.66891775970239,-0.0461178437880245,0
24,01106,52,1719,10.345656574252532,-0.0060184156918281165,0
24,01106,53,1651,92.46759591696379,-0.056007023571752745,0
24,01106,54,6253,78.76142475522227,-0.012595781985482531,0
24,01106,55,84,13.381710153744635,-0.1593060732588647,0
24,01106,56,3569,257.3800595761611,-0.0721154551908549,0
24,01106,61,5548,279.9092828165772,-0.05045228601596561,0
24,01106,62,7543,491.08671888123445,-0.06510496074257384,0
24,01106,71,1506,421.1561135482752,-0.279652133830196,0
24,01106,72,3435,643.0308202744203,-0.1871996565573276,0
24,01106,81,3319,245.55605931347645,-0.07398495309234,0
24,01106,92,15211,474.721228440736,-0.031209074251576888,0
24,01107,11,20,0,-0,0
24,01107,22,205,-4.987969904044969,0.024331560507536435,0
24,01107,23,3436,5.517257700404569,-0.0016057211002341585,0
24,01107,31,131,9.952585667158734,-0.07597393639052469,0
24,01107,32,256,7.365236874376629,-0.028770456540533708,0
24,01107,33,244,9.89414466970386,-0.04054977323649123,0
24,01107,42,487,8.33597948319651,-0.01711700099218996,0
24,01107,44,4726,133.59909577422277,-0.028268958056331523,0
24,01107,45,1951,-93.94772194132626,0.0481536247777172,0
24,01107,48,2770,572.9630657359999,-0.20684587210685915,0
24,01107,49,1166,-98.1699468054703,0.08419377942150112,0
24,01107,51,1110,68.10488111990732,-0.06135574875667326,0
24,01107,52,1635,10.229778782617247,-0.006256745432793424,0
24,01107,53,1419,44.45906265315455,-0.03133126332146198,0
24,01107,54,4693,76.47148161990125,-0.016294796850607553,0
24,01107,56,4990,384.4034185508104,-0.07703475321659527,0
24,01107,61,4069,188.4333542333688,-0.04630949968871192,0
24,01107,62,7832,554.0466830644143,-0.07074140488565045,0
24,01107,71,1546,409.9655467670441,-0.2651782320614774,0
24,01107,72,5798,1146.725160132868,-0.1977794343106016,0
24,01107,81,3236,319.1832596336931,-0.09863512349619688,0
24,01107,92,8910,311.9760545890501,-0.035014147540858596,0
24,01201,11,35,0,-0,0
24,01201,21,20,-2.835949405239051,0.14179747026195255,0
24,01201,22,266,-6.146507979032675,0.023107172853506296,0
24,01201,23,4465,7.169544712545519,-0.0016057211002341587,0
24,01201,31,534,144.654812505445,-0.27088916199521534,0
24,01201,32,778,22.661458588829767,-0.029127838803123092,0
24,01201,33,2343,95.1389314394851,-0.040605604540966754,0
24,01201,42,2068,7.1427035174632545,-0.0034539185287539914,0
24,01201,44,4805,169.62711190470597,-0.03530220851294609,0
24,01201,45,2301,-40.29352608534709,0.01751131077155458,0
24,01201,48,2428,375.89980772250993,-0.1548187016979036,0
24,01201,49,670,-58.37453046426051,0.0871261648720306,0
24,01201,51,1899,150.64196186344492,-0.07932699413556868,0
24,01201,52,2488,19.85669522691062,-0.007980986827536424,0
24,01201,53,1967,109.01278972937546,-0.05542083870329205,0
24,01201,54,11090,140.10515175153878,-0.01263346724540476,0
24,01201,55,99,15.771301252627605,-0.1593060732588647,0
24,01201,56,2981,226.77639370507367,-0.07607393280948463,0
24,01201,61,7284,367.6067626361196,-0.05046770491984069,0
24,01201,62,10054,539.4892065121859,-0.05365916118084204,0
24,01201,71,1820,488.2998976075523,-0.26829664703711664,0
24,01201,72,4857,889.2551561405477,-0.1830873288327255,0
24,01201,81,3905,368.1880590613338,-0.09428631474041838,0
24,01201,92,22539,523.1230314261483,-0.023209682391683226,0
24,01202,11,85,0,-0,0
24,01202,21,84,-6.891830413881408,0.08204560016525486,0
24,01202,22,439,-9.761819159414461,0.022236490112561416,0
24,01202,23,4593,7.375077013375491,-0.0016057211002341587,0
24,01202,31,566,20.057150396870778,-0.03543666147857028,0
24,01202,32,677,15.818119315268408,-0.023365021145152744,0
24,01202,33,1822,94.67538775407225,-0.051962342345813525,0
24,01202,42,2150,-3.6364888528729686,0.001691390164126962,0
24,01202,44,5355,25.576933113976192,-0.004776271356484817,0
24,01202,45,2844,-40.47528040319058,0.0142318144877604,0
24,01202,48,2552,273.3078328205965,-0.10709554577609581,0
24,01202,49,1217,-107.41679229141037,0.08826359267987706,0
24,01202,51,1170,80.16180399418542,-0.06851436238819267,0
24,01202,52,2133,16.625544212119905,-0.007794441730951666,0
24,01202,53,961,51.143818566241436,-0.053219374158419805,0
24,01202,54,4351,54.28335138803027,-0.01247606329304304,0
24,01202,55,44,7.009467223390047,-0.1593060732588647,0
24,01202,56,2385,186.8831456817709,-0.07835771307411778,0
24,01202,61,3107,166.44255218692734,-0.05357018094204292,0
24,01202,62,7467,461.2941357579996,-0.061777706677112576,0
24,01202,71,1350,337.09909355347327,-0.24970303226183205,0
24,01202,72,4045,725.2984935620954,-0.17930741497208785,0
24,01202,81,4020,390.26312351905716,-0.0970803789848401,0
24,01202,92,7673,219.67719895214609,-0.02862989690501057,0
24,01203,11,105,0,-0,0
24,01203,21,43,4.401483212398915,-0.10236007470695152,0
24,01203,22,470,-14.96080287883742,0.03183149548688813,0
24,01203,23,4910,7.884090602149719,-0.0016057211002341587,0
24,01203,31,463,21.949925116719296,-0.047408045608465,0
24,01203,32,1164,63.89116155392307,-0.054889314049762085,0
24,01203,33,2494,107.31283259660174,-0.043028401201524354,0
24,01203,42,2260,3.9456552814143357,-0.001745865168767405,0
24,01203,44,5629,69.95779297525317,-0.012428103211094896,0
24,01203,45,2606,4.673889798892609,-0.0017935110509948613,0
24,01203,48,1392,213.36431751205683,-0.1532789637299259,0
24,01203,49,542,-77.67474326246915,0.1433113344325999,0
24,01203,51,1412,145.55121008277715,-0.1030815935430433,0
24,01203,52,2932,15.241352199693946,-0.005198278376430405,0
24,01203,53,1533,55.19760343736251,-0.03600626447316537,0
24,01203,54,9492,116.81400122399393,-0.01230657408596649,0
24,01203,55,87,13.859628373521229,-0.1593060732588647,0
24,01203,56,2379,195.8468387612833,-0.08232317728511278,0
24,01203,61,7982,360.7998711313796,-0.04520168768872207,0
24,01203,62,8096,524.0807743164929,-0.06473329722288697,0
24,01203,71,2043,547.5315328007033,-0.2680036871271186,0
24,01203,72,4131,752.1423813573758,-0.1820727139572442,0
24,01203,81,3593,253.63535208119086,-0.07059152576710015,0
24,01203,92,9397,263.8786165499536,-0.028081155320842145,0
24,01204,11,390,0,-0,0
24,01204,21,58,-0.9953292482976168,0.0171608491085796,0
24,01204,22,405,-8.785087301314608,0.02169157358349286,0
24,01204,23,5754,9.239319210747349,-0.0016057211002341585,0
24,01204,31,271,15.967849205392776,-0.05892195278742722,0
24,01204,32,1019,24.058537621012718,-0.02360994859765723,0
24,01204,33,2035,88.69571825737637,-0.04358511953679429,0
24,01204,42,1292,-6.7787384156599,0.005246701560108282,0
24,01204,44,4690,47.57270276075153,-0.010143433424467278,0
24,01204,45,1487,62.51904043524405,-0.04204373936465639,0
24,01204,48,1485,213.32102116686008,-0.14365051930428288,0
24,01204,49,490,-25.28877850897348,0.05160975205912955,0
24,01204,51,1250,131.03750229132933,-0.10483000183306347,0
24,01204,52,2461,12.898460392327731,-0.005241146035078314,0
24,01204,53,1845,74.84323908822276,-0.040565441240229136,0
24,01204,54,8649,126.47954070188766,-0.014623602809791613,0
24,01204,56,2825,256.23001912223356,-0.09070089172468444,0
24,01204,61,6626,378.8455617716502,-0.05717560545904772,0
24,01204,62,7175,405.07434671524135,-0.05645635494289078,0
24,01204,71,2462,676.1341474492258,-0.274628004650376,0
24,01204,72,5842,1059.4641550763847,-0.18135298785970297,0
24,01204,81,4849,527.2685099146624,-0.10873757680236387,0
24,01204,92,12381,182.47671385841915,-0.01473844712530645,0
24,01300,11,2502,-1.7311904086329521,6.919226253528986e-4,0
24,01300,21,34,-0.5409484903466102,0.01591024971607677,0
24,01300,22,773,-113.97772364891424,0.14744854288345954,0
24,01300,23,7365,11.826135903224579,-0.0016057211002341587,0
24,01300,31,1648,77.70790627232878,-0.047152855747772324,0
24,01300,32,2116,63.92195185903003,-0.03020886193715975,0
24,01300,33,2691,153.54120129855065,-0.05705730260072488,0
24,01300,42,1877,-5.674591174266057,0.003023223854164122,0
24,01300,44,6459,-20.844252929910745,0.003227164101240245,0
24,01300,45,2684,12.513699762932651,-0.00466233225146522,0
24,01300,48,1833,79.20308628885795,-0.04320953971023347,0
24,01300,49,798,-73.66521257918951,0.09231229646514977,0
24,01300,51,1452,80.01269712216049,-0.05510516330727307,0
24,01300,52,2496,15.376361816000962,-0.006160401368590129,0
24,01300,53,1855,74.81055709748307,-0.0403291412924437,0
24,01300,54,5236,65.52176203785173,-0.012513705507611102,0
24,01300,55,70,11.151425128120529,-0.1593060732588647,0
24,01300,56,3532,182.49867088861663,-0.05167006537050301,0
24,01300,61,6880,342.48744619316756,-0.0497801520629604,0
24,01300,62,12112,745.0753894988605,-0.06151547139191385,0
24,01300,71,1622,430.6937335047918,-0.26553251140862627,0
24,01300,72,5997,1122.4042732265232,-0.18716095935076257,0
24,01300,81,4863,366.1617549504283,-0.07529544621641544,0
24,01300,92,6720,233.8648370965572,-0.03480131504413054,0
24,01400,11,1681,-4.8880670361401,0.002907832859095836,0
24,01400,21,82,-4.906143366482417,0.05983101666441972,0
24,01400,22,845,-22.460767023541386,0.026580789376972055,0
24,01400,23,6030,9.682498234411977,-0.0016057211002341587,0
24,01400,31,2985,1175.5357171576359,-0.39381431060557315,0
24,01400,32,1138,4.018358393712451,-0.0035310706447385337,0
24,01400,33,1469,64.92085276609625,-0.044193909302992676,0
24,01400,42,1900,5.909706829855714,-0.0031103720157135335,0
24,01400,44,7310,77.54858247977967,-0.01060856121474414,0
24,01400,45,2957,-63.70665486747977,0.02154435403026032,0
24,01400,48,1978,224.2055814155642,-0.11334963671160982,0
24,01400,49,931,-98.62300314225794,0.10593233420221046,0
24,01400,51,1624,123.88708607331853,-0.07628515152297939,0
24,01400,52,1620,9.160471726138855,-0.005654612176628923,0
24,01400,53,1715,76.35530098673281,-0.04452204139168094,0
24,01400,54,3034,51.99630272742326,-0.01713787169657985,0
24,01400,55,28,4.460570051248212,-0.1593060732588647,0
24,01400,56,3315,234.89674297130992,-0.07085874599436197,0
24,01400,61,9662,466.45526628009304,-0.04827729934590075,0
24,01400,62,11577,629.7596483030194,-0.05439748192994898,0
24,01400,71,1706,477.56606079780425,-0.2799332126599087,0
24,01400,72,9523,1822.8329931760961,-0.19141373445091842,0
24,01400,81,3439,260.0811835333456,-0.07562697980033312,0
24,01400,92,5815,199.40678214661256,-0.03429179400629623,0
24,01500,11,725,-3.360546087346319,0.004635235982546647,0
24,01500,21,35,-2.796840466112993,0.07990972760322837,0
24,01500,22,1809,-80.03623884389486,0.04424336033382801,0
24,01500,23,10010,16.07326821334393,-0.001605721100234159,0
24,01500,31,407,9.124301555886552,-0.022418431341244598,0
24,01500,32,763,39.28578457033077,-0.05148857741852001,0
24,01500,33,2463,110.00039998472798,-0.04466114493898821,0
24,01500,42,1593,-17.545345339763667,0.011014027206380205,0
24,01500,44,6350,-123.92863518174377,0.01951632050106201,0
24,01500,45,2499,-86.34695229315571,0.0345526019580455,0
24,01500,48,2567,275.3785125440624,-0.10727639756293822,0
24,01500,49,389,-16.458750935042257,0.04231041371476159,0
24,01500,51,1823,91.92120870895356,-0.05042304372405571,0
24,01500,52,2240,16.103770422026688,-0.0071891832241190575,0
24,01500,53,1700,64.46888739101331,-0.03792287493589018,0
24,01500,54,11777,142.82679878892347,-0.012127604550303428,0
24,01500,55,137,21.824932036464464,-0.1593060732588647,0
24,01500,56,3545,256.5363938723818,-0.07236569643790741,0
24,01500,61,9619,484.9286432691208,-0.05041362337759859,0
24,01500,62,9677,670.8796602369575,-0.06932723573803426,0
24,01500,71,1631,397.9468455922625,-0.2439894822760653,0
24,01500,72,6013,1097.672631527208,-0.18254991377468952,0
24,01500,81,4396,373.54110468958766,-0.08497295375104359,0
24,01500,92,21111,616.9209768271484,-0.02922272639037224,0
24,01600,11,141,0,-0,0
24,01600,21,72,2.2905261826272945,-0.03181286364760131,0
24,01600,22,953,-38.33262150983066,0.04022310756540468,0
24,01600,23,6571,10.551193349638657,-0.0016057211002341587,0
24,01600,31,427,32.046534081366616,-0.07505043110390308,0
24,01600,32,572,26.195943930242972,-0.04579710477315205,0
24,01600,33,1205,51.153763586301665,-0.04245125608821715,0
24,01600,42,862,10.265330852300908,-0.01190873648758806,0
24,01600,44,4820,85.1412384232789,-0.01766415734922799,0
24,01600,45,2765,-54.86375213640848,0.01984222500412603,0
24,01600,48,2275,422.06559639528245,-0.18552333907484944,0
24,01600,49,856,-58.9772442459847,0.06889864982007558,0
24,01600,51,1304,153.01155906971934,-0.11734015266082772,0
24,01600,52,2207,14.79003037115919,-0.006701418382944808,0
24,01600,53,1599,62.382083168699886,-0.03901318522120068,0
24,01600,54,7094,86.6722523535523,-0.012217684290041202,0
24,01600,55,85,13.5410162270035,-0.1593060732588647,0
24,01600,56,3695,314.1478475564383,-0.08501971517088994,0
24,01600,61,6181,279.19444454917937,-0.04516978556045614,0
24,01600,62,10214,633.2154742803211,-0.06199485747800285,0
24,01600,71,1063,289.39640518368043,-0.27224497195078123,0
24,01600,72,3835,685.5195074733522,-0.17875345696827957,0
24,01600,81,4338,340.55728550812614,-0.07850559831907011,0
24,01600,92,17252,506.6856387441438,-0.02936967532715881,0
24,00505,21,1864,-82.17871406999522,0.044087292956006024,1
24,01001,21,1864,-82.17871406999522,0.044087292956006024,1
24,01005,21,1864,-82.17871406999522,0.044087292956006024,1
24,01005,55,2763,440.16268041424314,-0.1593060732588647,1
24,01007,21,1864,-82.17871406999522,0.044087292956006024,1
24,01101,21,1864,-82.17871406999522,0.044087292956006024,1
24,01101,55,2763,440.16268041424314,-0.1593060732588647,1
24,01103,21,1864,-82.17871406999522,0.044087292956006024,1
24,01104,21,1864,-82.17871406999522,0.044087292956006024,1
24,01107,21,1864,-82.17871406999522,0.044087292956006024,1
24,01107,55,2763,440.16268041424314,-0.1593060732588647,1
24,01204,55,2763,440.16268041424314,-0.1593060732588647,1
